period,sex,allageesprate,allagestderr,allagelcli,allageucli,under75esprate,under75stderr,under75lcli,under75ucli,totdeaths
19901,F,1500.400201,7.788046411,1485.13563,1515.664772,589.2652183,4.994765556,579.4754778,599.0549587,34163
19901,M,2287.741445,13.95023596,2260.398982,2315.083907,1010.230709,7.22236846,996.0748664,1024.386551,31360
19901,P,1796.2713,6.854255546,1782.836959,1809.705641,777.9762558,4.242511309,769.6609337,786.291578,65523
19902,F,1499.669093,7.77431303,1484.43144,1514.906747,590.4938291,4.998890335,580.696004,600.2916542,34216
19902,M,2271.778461,13.8690483,2244.595127,2298.961796,1002.349044,7.183407733,988.269565,1016.428523,31247
19902,P,1790.582586,6.83075722,1777.194302,1803.97087,775.1229828,4.230873378,766.830471,783.4154947,65463
19903,F,1485.507243,7.730786854,1470.354901,1500.659585,588.0220165,4.98550807,578.2504207,597.7936123,33997
19903,M,2252.730101,13.7862527,2225.709045,2279.751156,993.30303,7.136414104,979.3156583,1007.290402,31069
19903,P,1774.038845,6.788830929,1760.732736,1787.344954,770.2040967,4.212955814,761.9467033,778.4614901,65066
19904,F,1386.231942,7.495201819,1371.541347,1400.922538,563.1329525,4.878688203,553.5707236,572.6951814,31910
19904,M,2114.433291,13.35763052,2088.252335,2140.614247,956.6518986,6.995123853,942.9414559,970.3623414,29617
19904,P,1662.78536,6.585258285,1649.878254,1675.692467,740.2787837,4.128147851,732.1876139,748.3699535,61527
19911,F,1370.993655,7.438754793,1356.413696,1385.573615,555.4840816,4.84091701,545.9958842,564.9722789,31664
19911,M,2090.491107,13.29529744,2064.432324,2116.54989,941.4973451,6.929547095,927.9154328,955.0792574,29208
19911,P,1642.710219,6.53453155,1629.902537,1655.5179,729.6407016,4.094823395,721.6148477,737.6665555,60872
19912,F,1361.980639,7.398476299,1347.479625,1376.481652,549.5079814,4.813270968,540.0739703,558.9419925,31586
19912,M,2081.589749,13.25341555,2055.613055,2107.566444,934.8245205,6.89788182,921.3046721,948.3443688,29072
19912,P,1632.220715,6.497969299,1619.484695,1644.956735,723.1296104,4.073492528,715.1455651,731.1136558,60658
19913,F,1356.42877,7.367201205,1341.989056,1370.868485,547.9594895,4.802850831,538.5459018,557.3730771,31568
19913,M,2074.84527,13.16987491,2049.032316,2100.658225,932.6120794,6.877034096,919.1330925,946.0910662,29167
19913,P,1627.970996,6.471122316,1615.287596,1640.654395,721.5065634,4.064257584,713.5406185,729.4725083,60735
19914,F,1359.807981,7.358393949,1345.385529,1374.230433,546.4500163,4.791895611,537.0579009,555.8421317,31729
19914,M,2077.005906,13.12130664,2051.288145,2102.723667,940.0321921,6.89062015,926.5265766,953.5378076,29312
19914,P,1632.258977,6.462072709,1619.593315,1644.92464,724.0879717,4.066052462,716.1185089,732.0574346,61041
19921,F,1358.590019,7.346454252,1344.190969,1372.98907,548.9493948,4.799106901,539.5431453,558.3556443,31778
19921,M,2084.401563,13.07863056,2058.767447,2110.035678,937.5931276,6.867713327,924.1324095,951.0538458,29496
19921,P,1633.066581,6.447638852,1620.429209,1645.703953,724.3674357,4.061136045,716.407609,732.3272623,61274
19922,F,1349.791901,7.313476071,1335.457487,1364.126314,548.5090368,4.790205288,539.1202345,557.8978392,31655
19922,M,2067.260554,12.96331123,2041.852464,2092.668644,932.6520818,6.83213759,919.2610921,946.0430715,29396
19922,P,1622.138125,6.413710718,1609.567252,1634.708998,722.6616049,4.050106494,714.7233962,730.5998137,61051
19923,F,1354.08019,7.313358492,1339.746007,1368.414373,547.3854583,4.781513102,538.0136926,556.757224,31813
19923,M,2076.693827,12.95395727,2051.304071,2102.083583,928.691537,6.80265849,915.3583263,942.0247476,29448
19923,P,1626.166875,6.408398731,1613.606413,1638.727336,720.3504146,4.037711298,712.4365004,728.2643287,61261
19924,F,1341.57826,7.270972733,1327.327153,1355.829366,540.4431218,4.744338497,531.1442183,549.7420253,31603
19924,M,2077.769905,12.93194484,2052.423293,2103.116517,914.3239628,6.737444833,901.1185709,927.5293547,29334
19924,P,1615.516743,6.377835438,1603.016186,1628.017301,710.3634076,4.003999722,702.5155681,718.211247,60937
19931,F,1345.659537,7.265753111,1331.418661,1359.900413,536.1959431,4.71947958,526.9457631,545.4461231,31768
19931,M,2071.498198,12.8453349,2046.321342,2096.675054,916.5477591,6.73342931,903.3502377,929.7452806,29417
19931,P,1619.692764,6.373523635,1607.200658,1632.18487,709.1012117,3.994525799,701.2719411,716.9304823,61185
19932,F,1360.01882,7.291138849,1345.728188,1374.309452,536.1982833,4.713564166,526.9596976,545.4368691,32138
19932,M,2096.515634,12.87381347,2071.28296,2121.748309,920.0684117,6.734040473,906.8696924,933.267131,29737
19932,P,1637.688889,6.395933225,1625.15286,1650.224918,710.6490884,3.992774027,702.8232513,718.4749255,61875
19933,F,1364.83076,7.291810942,1350.538811,1379.12271,533.8050159,4.695402242,524.6020275,543.0080043,32297
19933,M,2097.2932,12.84010945,2072.126586,2122.459815,921.9072373,6.731083416,908.7143138,935.1001608,29768
19933,P,1642.129971,6.395381782,1629.595022,1654.664919,710.2472623,3.986380449,702.4339566,718.0605679,62065
19934,F,1418.094879,7.405196222,1403.580695,1432.609064,546.7424703,4.745408605,537.4414695,556.0434712,33545
19934,M,2155.224318,12.95567665,2129.831192,2180.617444,938.9585728,6.780140335,925.6694978,952.2476479,30504
19934,P,1697.791431,6.48104179,1685.088589,1710.494273,725.0369457,4.021332761,717.1551335,732.9187579,64049
19941,F,1405.862009,7.375432695,1391.406161,1420.317857,544.1989022,4.731515029,534.9251327,553.4726716,33276
19941,M,2139.617419,12.89694124,2114.339414,2164.895424,930.3833994,6.73796495,917.1769881,943.5898107,30261
19941,P,1682.986234,6.45110138,1670.342075,1695.630393,719.9878104,4.003203973,712.1415307,727.8340902,63537
19942,F,1379.564354,7.310105884,1365.236546,1393.892161,538.9416544,4.703136959,529.723506,548.1598029,32702
19942,M,2106.890696,12.7887305,2081.824785,2131.956608,920.8877409,6.692814311,907.7698249,934.005657,29864
19942,P,1654.063123,6.396042366,1641.52688,1666.599366,712.8229995,3.978041895,705.0260374,720.6199616,62566
19943,F,1375.949892,7.300812504,1361.6403,1390.259485,544.8969462,4.725287496,535.6353828,554.1585097,32658
19943,M,2077.216011,12.67526411,2052.372493,2102.059528,910.3242186,6.642916197,897.3041028,923.3443343,29578
19943,P,1641.291886,6.367119083,1628.812333,1653.77144,711.3439293,3.9687285,703.5652215,719.1226372,62236
19944,F,1300.415088,7.119427046,1286.461011,1314.369165,525.4818294,4.644117626,516.3793588,534.5842999,30912
19944,M,1974.024246,12.3493728,1949.819475,1998.229017,881.8196354,6.532589112,869.0157607,894.62351,28416
19944,P,1557.319999,6.213255397,1545.142019,1569.49798,687.9739383,3.902627581,680.3247882,695.6230883,59328
19951,F,1297.141776,7.099793587,1283.226181,1311.057371,523.2477829,4.633353231,514.1664106,532.3291552,30917
19951,M,1966.124033,12.27691076,1942.061287,1990.186778,881.1146646,6.527763149,868.3202488,893.9090804,28428
19951,P,1553.435151,6.194014455,1541.294883,1565.57542,686.7475326,3.898988129,679.1055159,694.3895493,59345
19952,F,1306.869619,7.109858991,1292.934295,1320.804943,523.4807294,4.639457988,514.3873917,532.574067,31233
19952,M,1955.049715,12.1925081,1931.152399,1978.947031,875.1319654,6.507996647,862.3762919,887.8876388,28363
19952,P,1556.574296,6.184906351,1544.45188,1568.696713,684.3379036,3.895147707,676.7034141,691.9723931,59596
19953,F,1290.612758,7.052143464,1276.790557,1304.434959,511.1163977,4.59094286,502.1181497,520.1146457,30931
19953,M,1952.099862,12.13883228,1928.30775,1975.891973,873.6062191,6.506189359,860.854088,886.3583503,28386
19953,P,1546.023776,6.15147284,1533.96689,1558.080663,677.1221405,3.878861112,669.5195727,684.7247083,59317
19954,F,1318.137762,7.102689968,1304.21649,1332.059035,514.4259233,4.609485856,505.391331,523.4605156,31709
19954,M,1978.821387,12.16654588,1954.974957,2002.667817,879.923347,6.532861752,867.118938,892.727756,28791
19954,P,1573.491817,6.184846865,1561.369517,1585.614117,681.8686146,3.89519699,674.2340285,689.5032007,60500
19961,F,1331.408622,7.122295428,1317.448923,1345.368321,517.6254981,4.627714979,508.5551768,526.6958195,32095
19961,M,1999.148063,12.177492,1975.280179,2023.015948,881.6302254,6.542013159,868.8078796,894.4525711,29100
19961,P,1588.722634,6.197821013,1576.574905,1600.870363,684.2529754,3.904114046,676.6009119,691.9050389,61195
19962,F,1315.362029,7.074730898,1301.495556,1329.228501,510.4150633,4.601613523,501.3959008,519.4342258,31759
19962,M,1999.121861,12.14872411,1975.310362,2022.933361,878.6407016,6.532752682,865.8365063,891.4448969,29131
19962,P,1578.048469,6.169587912,1565.956077,1590.140861,678.9674859,3.891869985,671.3394208,686.5955511,60890
19963,F,1313.548085,7.063899805,1299.702841,1327.393328,511.1629905,4.60876917,502.1298029,520.1961781,31779
19963,M,2008.325558,12.13433549,1984.54226,2032.108855,880.7066732,6.54179797,867.8847492,893.5285972,29333
19963,P,1579.744401,6.16249297,1567.665915,1591.822887,680.2046728,3.897009671,672.5665338,687.8428117,61112
19964,F,1298.278378,7.020290169,1284.518609,1312.038147,508.4486089,4.600124884,499.4323641,517.4648536,31445
19964,M,1987.546651,12.03560353,1963.956868,2011.136434,875.838342,6.522175994,863.0548771,888.621807,29207
19964,P,1564.107924,6.126281386,1552.100413,1576.115436,677.0323866,3.889731762,669.4085124,684.6562609,60652
19971,F,1298.345032,7.009412849,1284.606583,1312.083481,504.6133462,4.587306384,495.6222257,513.6044667,31474
19971,M,1955.752308,11.92588877,1932.377566,1979.12705,860.2718312,6.465683472,847.5990916,872.9445708,28808
19971,P,1554.215987,6.100560357,1542.258889,1566.173086,667.8576137,3.865403305,660.2814232,675.4338042,60282
19972,F,1300.69929,7.010299007,1286.959104,1314.439476,508.3427207,4.604062093,499.318759,517.3666824,31586
19972,M,1946.975635,11.86381608,1923.722555,1970.228714,856.9734943,6.454812622,844.3220616,869.624927,28782
19972,P,1552.852106,6.089923449,1540.915856,1564.788356,668.476387,3.86795304,660.895199,676.0575749,60368
19973,F,1295.196938,6.987683719,1281.501078,1308.892798,502.079826,4.577683263,493.1075668,511.0520852,31471
19973,M,1917.534059,11.75037153,1894.50333,1940.564787,842.3538428,6.399558053,829.810709,854.8969766,28448
19973,P,1540.229234,6.059775779,1528.352073,1552.106394,658.5949123,3.840352825,651.0678208,666.1220038,59919
19974,F,1281.77831,6.945697541,1268.164743,1295.391877,492.7550313,4.533635665,483.8691054,501.6409572,31189
19974,M,1903.748148,11.6858456,1880.843891,1926.652406,838.027482,6.381486507,825.5197684,850.5351955,28304
19974,P,1527.020286,6.028472189,1515.204481,1538.836092,651.5479578,3.818794967,644.0631197,659.032796,59493
19981,F,1257.477303,6.885696374,1243.981338,1270.973268,489.0797698,4.515674739,480.2290473,497.9304923,30633
19981,M,1879.161965,11.58925645,1856.447023,1901.876908,827.0981335,6.338013069,814.6756278,839.5206391,28002
19981,P,1501.043629,5.975540817,1489.331569,1512.755689,644.5553067,3.797297968,637.1126027,651.9980108,58635
19982,F,1258.550869,6.875069177,1245.075734,1272.026005,482.1169335,4.482966429,473.3303193,490.9035477,30682
19982,M,1873.690184,11.54122149,1851.06939,1896.310979,820.3801089,6.304240736,808.0237971,832.7364208,27975
19982,P,1500.750025,5.964807795,1489.059002,1512.441049,638.0027219,3.775624845,630.6024972,645.4029466,58657
19983,F,1263.712218,6.880342543,1250.226746,1277.197689,484.93397,4.492962737,476.127763,493.7401769,30868
19983,M,1880.658518,11.51303854,1858.092963,1903.224074,830.2018244,6.334549577,817.7861073,842.6175416,28223
19983,P,1507.771904,5.967981325,1496.07466,1519.469147,644.3068104,3.791419446,636.8756283,651.7379925,59091
19984,F,1269.1613,6.886387236,1255.663981,1282.658619,486.9379464,4.502757617,478.1125415,495.7633513,31032
19984,M,1866.568697,11.43414127,1844.15778,1888.979614,825.3446611,6.311879998,812.9733763,837.7159459,28131
19984,P,1507.601832,5.959355722,1495.921495,1519.282169,643.2843097,3.787411821,635.8609825,650.7076368,59163
19991,F,1311.433731,6.969264549,1297.773973,1325.09349,489.6005982,4.514622202,480.7519387,498.4492577,32123
19991,M,1933.527924,11.58378488,1910.823706,1956.232142,839.0978368,6.357872122,826.6364075,851.5592662,29023
19991,P,1558.887512,6.036275977,1547.056411,1570.718612,651.2655736,3.809117816,643.7997027,658.7314445,61146
19992,F,1293.551756,6.925504204,1279.977768,1307.125745,484.9107558,4.492561634,476.105335,493.7161767,31715
19992,M,1898.856069,11.45624374,1876.401832,1921.310307,828.561211,6.314948654,816.1839117,840.9385104,28665
19992,P,1535.823216,5.991469952,1524.079935,1547.566497,643.9689567,3.786777419,636.5468729,651.3910404,60380
19993,F,1284.345636,6.899406901,1270.822799,1297.868474,480.0671237,4.4704737,471.3049952,488.8292521,31533
19993,M,1875.112524,11.36564166,1852.835866,1897.389181,811.0339572,6.244162567,798.7953986,823.2725158,28359
19993,P,1520.564757,5.957314062,1508.888421,1532.241093,633.3500183,3.754395735,625.9914027,640.708634,59892
19994,F,1287.890555,6.902113261,1274.362413,1301.418697,480.7926668,4.472904612,472.0257737,489.5595598,31676
19994,M,1889.891595,11.36701777,1867.61224,1912.17095,807.9581033,6.229267408,795.7487392,820.1674674,28605
19994,P,1527.20669,5.959353463,1515.526357,1538.887023,632.3992674,3.750414518,625.0484549,639.7500798,60281
20001,F,1271.417442,6.859828829,1257.972177,1284.862706,478.3569273,4.459741117,469.6158347,487.0980199,31328
20001,M,1858.159647,11.23318696,1836.1426,1880.176693,808.6444212,6.224862464,796.4436907,820.8451516,28394
20001,P,1507.165342,5.916518068,1495.568966,1518.761717,631.7333458,3.746152423,624.390887,639.0758045,59722
20002,F,1266.315908,6.84021743,1252.909082,1279.722735,475.7088576,4.446393751,466.9939258,484.4237893,31298
20002,M,1852.994716,11.17530584,1831.091117,1874.898315,808.5066723,6.219673509,796.3161123,820.6972324,28410
20002,P,1501.497819,5.895039605,1489.943542,1513.052097,630.221505,3.739701589,622.8916899,637.5513201,59708
20003,F,1255.736728,6.805842146,1242.397278,1269.076179,472.6178309,4.43051325,463.934025,481.3016369,31129
20003,M,1824.301928,11.04007981,1802.663372,1845.940485,801.0334282,6.188688023,788.9035996,813.1632567,28194
20003,P,1486.283894,5.857385732,1474.803418,1497.76437,625.1810056,3.723721267,617.8825119,632.4794993,59323
20004,F,1218.277432,6.706034224,1205.133605,1231.421259,459.3657224,4.367025887,450.8063517,467.9250932,30287
20004,M,1776.454251,10.88247357,1755.124603,1797.7839,777.7767666,6.095517646,765.829552,789.7239812,27511
20004,P,1443.142218,5.769266157,1431.834456,1454.449979,607.1837147,3.668247933,599.9939487,614.3734806,57798
20011,F,1184.063599,6.615370869,1171.097472,1197.029726,451.1472395,4.328096927,442.6641696,459.6303095,29517
20011,M,1733.127391,10.73106193,1712.09451,1754.160273,754.3659764,5.998905936,742.6081208,766.1238321,26919
20011,P,1403.688371,5.686796682,1392.54225,1414.834493,591.9819896,3.620698225,584.8854211,599.0785582,56436
20012,F,1183.143719,6.597023824,1170.213553,1196.073886,447.5069606,4.309101355,439.061122,455.9527993,29576
20012,M,1725.352505,10.66423603,1704.450602,1746.254408,752.9898754,5.98755339,741.2542708,764.7254801,26958
20012,P,1402.347727,5.671521687,1391.231544,1413.463909,589.4956602,3.610821976,582.4184491,596.5728713,56534
20013,F,1184.461062,6.587975242,1171.54863,1197.373493,445.0650319,4.29734064,436.6422443,453.4878196,29675
20013,M,1740.106194,10.68116327,1719.171114,1761.041274,756.250357,5.992174234,744.5056955,767.9950185,27180
20013,P,1407.414842,5.667991721,1396.305578,1418.524106,589.8163703,3.609124714,582.7424858,596.8902547,56855
20014,F,1196.20456,6.605671998,1183.257442,1209.151677,446.4346892,4.300546383,438.0056183,454.8637601,30058
20014,M,1735.976871,10.6282503,1715.145501,1756.808242,760.5729612,6.000248117,748.8124749,772.3334475,27324
20014,P,1415.70879,5.672314691,1404.591053,1426.826526,592.6795467,3.613864549,585.5963722,599.7627213,57382
20021,F,1184.561768,6.568415822,1171.687673,1197.435863,438.4166165,4.258759729,430.0694474,446.7637856,29829
20021,M,1711.856328,10.5379691,1691.201908,1732.510747,751.1105603,5.954461236,739.4398163,762.7813043,27057
20021,P,1399.854626,5.635460078,1388.809124,1410.900128,584.162132,3.584246647,577.1370086,591.1872555,56886
20022,F,1187.868919,6.573506024,1174.984847,1200.75299,442.4425402,4.274762264,434.0640061,450.8210742,29945
20022,M,1720.017899,10.54137365,1699.356807,1740.678992,750.8407066,5.946422664,739.1857181,762.495695,27227
20022,P,1404.05953,5.636263373,1393.012454,1415.106606,586.1245825,3.586475696,579.0950901,593.1540748,57172
20023,F,1193.442612,6.581728961,1180.542423,1206.342801,443.3342212,4.273054044,434.9590353,451.7094071,30129
20023,M,1719.244234,10.51362716,1698.637525,1739.850943,750.4955213,5.9361049,738.8607557,762.1302869,27357
20023,P,1408.434065,5.638047535,1397.383491,1419.484638,586.5837331,3.583119512,579.5608188,593.6066473,57486
20024,F,1201.823156,6.594411647,1188.89811,1214.748203,442.7197909,4.26757287,434.3553481,451.0842337,30359
20024,M,1741.094699,10.55443418,1720.408008,1761.78139,755.4483373,5.946410559,743.7933726,767.103302,27743
20024,P,1422.307626,5.656660495,1411.220572,1433.394681,588.8458644,3.586654532,581.8160216,595.8757073,58102
20031,F,1208.896399,6.607315123,1195.946061,1221.846736,444.7861659,4.273707097,436.4097,453.1626318,30548
20031,M,1750.044178,10.56442239,1729.337911,1770.750446,755.0115309,5.938792428,743.3714977,766.651564,27922
20031,P,1430.046745,5.665556266,1418.942255,1441.151235,589.5947462,3.585262735,582.5676313,596.6218612,58470
20032,F,1206.38126,6.596375187,1193.452365,1219.310155,438.029302,4.237392091,429.7240135,446.3345905,30496
20032,M,1755.843931,10.57163637,1735.123523,1776.564338,749.0527982,5.906628988,737.4758054,760.629791,28001
20032,P,1429.926682,5.661349622,1418.830436,1441.022927,583.4767907,3.563036132,576.4932399,590.4603415,58497
20033,F,1200.556535,6.581696673,1187.65641,1213.456661,434.5251524,4.217593885,426.2586684,442.7916364,30342
20033,M,1751.506655,10.55634466,1730.81622,1772.197091,737.8092376,5.856278404,726.330932,749.2875433,27889
20033,P,1422.923446,5.646099189,1411.857092,1433.989801,576.3376503,3.538100936,569.4029725,583.2723281,58231
20034,F,1212.998678,6.611954232,1200.039248,1225.958108,439.6472588,4.238102237,431.3405784,447.9539392,30639
20034,M,1751.896462,10.55219888,1731.214152,1772.578772,725.6516139,5.800302356,714.2830213,737.0202065,27830
20034,P,1428.604568,5.651142745,1417.528328,1439.680808,573.3545268,3.524646703,566.4462192,580.2628343,58469
20041,F,1208.586221,6.595837448,1195.658379,1221.514062,436.874428,4.220403566,428.602437,445.146419,30540
20041,M,1734.925886,10.49877637,1714.348284,1755.503487,717.8272723,5.761932125,706.5338854,729.1206593,27598
20041,P,1419.443793,5.630223255,1408.408555,1430.47903,568.3680224,3.505736884,561.4967781,575.2392667,58138
20042,F,1198.943928,6.571156122,1186.064462,1211.823394,433.2532195,4.199950812,425.0213159,441.4851231,30332
20042,M,1704.113305,10.39700541,1683.735174,1724.491435,706.7633387,5.710058256,695.5716245,717.9550529,27306
20042,P,1403.137763,5.597599069,1392.166469,1414.109058,561.3468473,3.480621047,554.5248301,568.1688646,57638
20043,F,1193.330094,6.555049761,1180.482197,1206.177992,432.1082714,4.190559479,423.8947749,440.321768,30238
20043,M,1684.858559,10.32296507,1664.625548,1705.091571,704.665083,5.692169554,693.5084306,715.8217353,27165
20043,P,1393.087044,5.574287012,1382.161441,1404.012647,559.8198154,3.471461532,553.0157508,566.62388,57403
20044,F,1157.249293,6.456802227,1144.593961,1169.904626,416.0477525,4.1090714,407.9939726,424.1015325,29412
20044,M,1645.969912,10.18424496,1626.008792,1665.931032,693.3929612,5.637152612,682.3441421,704.4417803,26775
20044,P,1357.641681,5.502950174,1346.855899,1368.427464,546.1914811,3.425242601,539.4780056,552.9049566,56187
20051,F,1158.828826,6.450614941,1146.185621,1171.472031,413.4030492,4.093959231,405.3788891,421.4272093,29529
20051,M,1648.689946,10.15636618,1628.783468,1668.596424,688.1599902,5.606514628,677.1712215,699.1487589,26942
20051,P,1360.186777,5.496818245,1349.413013,1370.960541,542.4025106,3.409561975,535.7197691,549.085252,56471
20052,F,1161.150055,6.446569893,1148.514778,1173.785332,416.2280446,4.104097178,408.1840142,424.2720751,29643
20052,M,1643.564073,10.10851383,1623.751385,1663.37676,683.431943,5.579260979,672.4965914,694.3672945,26928
20052,P,1359.238,5.482706321,1348.491895,1369.984104,541.7703509,3.403741257,535.099018,548.4416837,56571
20053,F,1153.481016,6.415624712,1140.906392,1166.05564,411.6631818,4.078908481,403.6685212,419.6578424,29525
20053,M,1623.245573,10.00863867,1603.628641,1642.862504,672.0888204,5.524374207,661.261047,682.9165939,26786
20053,P,1348.114149,5.450262656,1337.431634,1358.796664,534.1733017,3.376381594,527.5555938,540.7910096,56311
20054,F,1139.077575,6.377243899,1126.578177,1151.576973,411.8586999,4.077102615,403.8675788,419.849821,29225
20054,M,1600.922338,9.916047016,1581.486886,1620.35779,663.895047,5.485959595,653.1425662,674.6475278,26522
20054,P,1329.441334,5.406915488,1318.84378,1340.038888,530.3758072,3.361695382,523.7868843,536.9647302,55747
20061,F,1115.77652,6.318861733,1103.391551,1128.161488,411.6743052,4.07371099,403.6898317,419.6587788,28680
20061,M,1578.245326,9.818445544,1559.001172,1597.489479,660.9543997,5.46476547,650.2434594,671.6653401,26326
20061,P,1305.500378,5.354286438,1295.005976,1315.994779,529.1313187,3.354387559,522.5567191,535.7059183,55006
20062,F,1119.073202,6.318414148,1106.689111,1131.457294,409.4537253,4.061030047,401.4941064,417.4133442,28862
20062,M,1574.899668,9.777823679,1555.735134,1594.064203,658.3212196,5.44432813,647.6503365,668.9921027,26411
20062,P,1306.729784,5.34606059,1296.251505,1317.208063,526.9596188,3.344213415,520.4049605,533.5142771,55273
20063,F,1116.627854,6.303830052,1104.272347,1128.983361,408.6935253,4.054510305,400.7466851,416.6403655,28869
20063,M,1560.984858,9.716699916,1541.940126,1580.02959,650.3688603,5.401276649,639.7823581,660.9553625,26264
20063,P,1299.28845,5.321546266,1288.85822,1309.718681,523.0167822,3.327697613,516.4944949,529.5390695,55133
20064,F,1112.599491,6.281682667,1100.287393,1124.911589,404.7293915,4.031077352,396.8284799,412.6303031,28842
20064,M,1549.657153,9.656709508,1530.730002,1568.584303,647.8839336,5.37877739,637.3415299,658.4263373,26251
20064,P,1293.86565,5.301383501,1283.474939,1304.256362,519.9534532,3.312916412,513.460137,526.4467693,55093
20071,F,1137.719546,6.329170859,1125.314371,1150.124721,405.57699,4.03127801,397.6756851,413.4782949,29561
20071,M,1560.871624,9.671372124,1541.915735,1579.827514,646.3213287,5.363924649,635.8080364,656.834621,26476
20071,P,1314.455705,5.32829113,1304.012255,1324.899156,519.7034237,3.307835582,513.220066,526.1867815,56037
20072,F,1114.528191,6.264687921,1102.249403,1126.806979,400.9550917,4.002694774,393.1098099,408.8003735,29010
20072,M,1556.78346,9.644462684,1537.880313,1575.686607,644.9472926,5.348094375,634.4650276,655.4295576,26487
20072,P,1297.663967,5.29056038,1287.294469,1308.033465,516.4973462,3.291776501,510.0454642,522.9492281,55497
20073,F,1105.675491,6.237828621,1093.449347,1117.901635,400.0638322,3.992936429,392.2376768,407.8899876,28819
20073,M,1556.381888,9.623884548,1537.519075,1575.244702,643.9942402,5.335836014,633.5360016,654.4524788,26621
20073,P,1292.528618,5.275820488,1282.18801,1302.869227,515.5981594,3.284255681,509.1610183,522.0353006,55440
20074,F,1114.64433,6.255266734,1102.384007,1126.904653,401.0305108,3.992649988,393.2049168,408.8561048,29091
20074,M,1568.330522,9.641169681,1549.433829,1587.227214,644.9324935,5.33036639,634.4849754,655.3800117,26895
20074,P,1302.535658,5.287878628,1292.171416,1312.899901,516.6640477,3.282951163,510.2294634,523.098632,55986
20081,F,1092.523254,6.198270543,1080.374643,1104.671864,393.1224415,3.947431032,385.3854767,400.8594063,28564
20081,M,1544.672005,9.559574865,1525.935238,1563.408771,637.3240498,5.288936142,626.9577349,647.6903646,26675
20081,P,1280.261992,5.24376149,1269.98422,1290.539765,508.9234317,3.252945058,502.5476594,515.299204,55239
20082,F,1100.268965,6.214011818,1088.089502,1112.448428,391.8107619,3.935312808,384.0975488,399.523975,28804
20082,M,1529.183827,9.504347238,1510.555307,1547.812348,631.3587878,5.252427187,621.0640305,641.6535451,26528
20082,P,1279.431397,5.236623339,1269.167616,1289.695179,505.6298302,3.236979137,499.2853511,511.9743093,55332
20083,F,1103.150033,6.217915091,1090.96292,1115.337147,389.6794212,3.917942783,382.0002534,397.3585891,28942
20083,M,1515.162096,9.453055475,1496.634107,1533.690085,629.5425026,5.233862556,619.284132,639.8008732,26402
20083,P,1275.698466,5.224314552,1265.458809,1285.938122,503.6619692,3.224604343,497.3417447,509.9821937,55344
20084,F,1111.293959,6.228589663,1099.085923,1123.501994,387.768117,3.902243869,380.119719,395.416515,29196
20084,M,1517.663055,9.445356492,1499.150157,1536.175954,626.7596934,5.214030643,616.5401933,636.9791934,26504
20084,P,1282.003313,5.228414435,1271.75562,1292.251005,501.3422574,3.212303823,495.0461419,507.6383729,55700
20091,F,1102.738606,6.199430374,1090.587723,1114.88949,384.1561413,3.877352209,376.556531,391.7557517,29037
20091,M,1508.111758,9.401085209,1489.685631,1526.537885,620.0799994,5.175560652,609.9359005,630.2240983,26420
20091,P,1272.525757,5.203051212,1262.327776,1282.723737,496.2873333,3.190099599,490.034738,502.5399285,55457
20092,F,1083.637042,6.145607836,1071.591651,1095.682434,379.6508767,3.849688177,372.1054879,387.1962655,28584
20092,M,1483.490552,9.307777805,1465.247307,1501.733796,606.2219493,5.10804441,596.2101823,616.2337164,26150
20092,P,1251.718029,5.157937038,1241.608473,1261.827586,487.4429329,3.156897908,481.255413,493.6304527,54734
20093,F,1072.057936,6.106374424,1060.089442,1084.02643,373.3580853,3.813324959,365.8839683,380.8322022,28347
20093,M,1478.242241,9.260140305,1460.092366,1496.392116,600.8136028,5.076617393,590.8634327,610.7637729,26188
20093,P,1242.849428,5.13144623,1232.791793,1252.907062,481.5982543,3.133472937,475.4566473,487.7398612,54535
20094,F,1056.19411,6.060742798,1044.315054,1068.073166,374.388215,3.813649457,366.9134621,381.8629679,28028
20094,M,1444.003482,9.115947103,1426.136226,1461.870738,590.3224254,5.02296261,580.4774187,600.1674321,25828
20094,P,1219.956276,5.076813047,1210.005722,1229.906829,477.1868593,3.114223504,471.0829813,483.2907374,53856
20101,F,1047.495735,6.028073988,1035.68071,1059.31076,374.6220513,3.811470651,367.1515688,382.0925337,27891
20101,M,1435.043406,9.043648791,1417.317854,1452.768958,587.213097,5.000670439,577.4117829,597.014411,25825
20101,P,1211.110945,5.045866591,1201.221047,1221.000844,475.9535993,3.106191258,469.8654644,482.0417342,53716
20102,F,1044.981064,6.007066985,1033.207212,1056.754915,373.1288971,3.800480392,365.6799555,380.5778387,27966
20102,M,1426.89915,8.969416039,1409.319094,1444.479205,582.7918635,4.97650803,573.0379077,592.5458192,25792
20102,P,1205.846121,5.018330354,1196.010194,1215.682049,473.0932864,3.093926845,467.0291897,479.157383,53758
20103,F,1045.554485,5.99162807,1033.810894,1057.298076,375.019714,3.805937193,367.5600771,382.4793509,28128
20103,M,1413.640706,8.875425199,1396.244872,1431.036539,574.8123753,4.935195671,565.1393918,584.4853589,25709
20103,P,1201.030483,4.98984512,1191.250387,1210.81058,470.3686673,3.081285889,464.3293469,476.4079876,53837
20104,F,1036.226756,5.949484008,1024.565768,1047.887745,370.3459507,3.778971689,362.9391662,377.7527353,28004
20104,M,1422.492871,8.847119564,1405.152517,1439.833225,573.5010955,4.921449015,563.8550555,583.1471356,25963
20104,P,1198.317634,4.965876544,1188.584516,1208.050752,467.3814552,3.067750025,461.3686651,473.3942452,53967
20111,F,1025.344994,5.908553474,1013.764229,1036.925758,368.4698773,3.764940879,361.0905932,375.8491614,27855
20111,M,1408.498385,8.749361574,1391.349636,1425.647133,572.8861262,4.913271876,563.2561133,582.5161391,25957
20111,P,1186.91999,4.928195757,1177.260726,1196.579254,466.0493882,3.059732911,460.0523117,472.0464648,53812
20112,F,1022.573732,5.88614289,1011.036892,1034.110572,366.2595253,3.749448132,358.910607,373.6084436,27915
20112,M,1402.111291,8.675408134,1385.107491,1419.115091,572.1241899,4.904122215,562.5121104,581.7362694,26056
20112,P,1183.506817,4.904842389,1173.893325,1193.120308,464.4517517,3.050703383,458.4723731,470.4311304,53971
20113,F,1013.350714,5.850392947,1001.883944,1024.817484,365.3631122,3.741894224,358.0289995,372.6972248,27782
20113,M,1406.953771,8.639061344,1390.021211,1423.886331,573.2561281,4.90203801,563.6481336,582.8641226,26301
20113,P,1179.685706,4.882610803,1170.115788,1189.255623,464.596466,3.04791463,458.6225533,470.5703787,54083
20114,F,1006.864757,5.818177263,995.4611295,1018.268384,360.5074879,3.711221055,353.2334947,367.7814812,27748
20114,M,1377.958473,8.516404941,1361.266319,1394.650626,560.2504073,4.841421962,550.7612203,569.7395944,25913
20114,P,1164.548513,4.838957175,1155.064157,1174.032869,455.7781254,3.015017339,449.8686914,461.6875594,53661
20121,F,1001.190013,5.785232721,989.8509569,1012.529069,352.5282027,3.666825608,345.3412245,359.7151809,27708
20121,M,1357.098245,8.419730329,1340.595573,1373.600916,547.346991,4.77547898,537.9870522,556.7069298,25638
20121,P,1153.339978,4.802257673,1143.927553,1162.752403,445.6947141,2.977582731,439.8586519,451.5307762,53346
20122,F,1013.433301,5.802118814,1002.061148,1024.805454,354.5749889,3.672420125,347.3770454,361.7729323,28141
20122,M,1366.842362,8.409204317,1350.360322,1383.324403,549.6491845,4.774821736,540.2905339,559.0078351,25934
20122,P,1165.132348,4.810264364,1155.70423,1174.560466,447.9724802,2.979981898,442.1317157,453.8132447,54075
20123,F,1019.38351,5.805566378,1008.0046,1030.76242,352.8307134,3.657623386,345.6617716,359.9996552,28413
20123,M,1353.028293,8.336878282,1336.688012,1369.368574,541.8353927,4.733517702,532.557698,551.1130874,25805
20123,P,1163.541616,4.794999534,1154.143417,1172.939815,443.3078003,2.959835267,437.5065232,449.1090774,54218
20124,F,1034.023627,5.833505709,1022.589955,1045.457298,356.1222644,3.669263268,348.9305084,363.3140204,28922
20124,M,1356.834034,8.313660688,1340.539259,1373.128809,542.0360237,4.724523682,532.7759573,551.2960901,26015
20124,P,1174.144748,4.803422619,1164.730039,1183.559456,445.2667671,2.961490966,439.4622448,451.0712894,54937
20131,F,1047.236719,5.854494322,1035.76191,1058.711528,359.551403,3.68104098,352.3365626,366.7662433,29377
20131,M,1375.55537,8.335745511,1359.217309,1391.893431,540.8203813,4.712626321,531.5836337,550.0571289,26431
20131,P,1189.222717,4.818895304,1179.777682,1198.667752,446.4331383,2.960920744,440.6297337,452.236543,55808
20132,F,1042.940425,5.839560677,1031.494886,1054.385964,358.080887,3.668368102,350.8908856,365.2708885,29329
20132,M,1369.215783,8.286536545,1352.974172,1385.457395,541.5888009,4.707021377,532.363039,550.8145628,26514
20132,P,1184.623407,4.802626776,1175.210259,1194.036556,446.0549251,2.954797432,440.2635221,451.8463281,55843
20133,F,1026.858307,5.791984289,1015.506018,1038.210597,352.9944656,3.637118964,345.8657124,360.1232188,28946
20133,M,1354.270436,8.218164235,1338.162834,1370.378038,536.6186665,4.675582382,527.454525,545.782808,26360
20133,P,1168.657994,4.763857646,1159.320833,1177.995155,441.0400725,2.932949217,435.2914921,446.788653,55306
20134,F,1004.265749,5.727810816,993.0392394,1015.492258,349.1550614,3.612966939,342.0736462,356.2364766,28375
20134,M,1344.863507,8.161920945,1328.866142,1360.860872,533.0470854,4.651250215,523.930635,542.1635358,26325
20134,P,1150.936527,4.721253806,1141.682869,1160.190184,437.3692832,2.916249609,431.6534339,443.0851324,54700
20141,F,976.4885996,5.651297728,965.412056,987.5651431,341.356725,3.566241612,334.3668914,348.3465585,27696
20141,M,1312.986723,8.045526813,1297.217491,1328.755956,524.7562101,4.607982847,515.7245637,533.7878564,25872
20141,P,1120.786469,4.655869365,1111.660965,1129.911973,429.2770884,2.884449402,423.6235676,434.9306093,53568
20142,F,952.9044331,5.577405326,941.9727186,963.8361475,335.09774,3.527661133,328.1835242,342.0119558,27154
20142,M,1290.406116,7.955955569,1274.812443,1305.999789,513.0797621,4.551544888,504.1587341,522.0007901,25525
20142,P,1096.763537,4.598414825,1087.750644,1105.77643,420.3370769,2.850364186,414.7503631,425.9237907,52679
20143,F,960.3533851,5.583404457,949.4099124,971.2968579,335.8663144,3.525146666,328.9570269,342.7756019,27488
20143,M,1300.235253,7.946753963,1284.659615,1315.810891,515.3507532,4.552414173,506.4280214,524.2734849,25905
20143,P,1105.958388,4.602597961,1096.937296,1114.97948,421.8842471,2.850368699,416.2975244,427.4709697,53393
20144,F,972.3774791,5.600250884,961.4009874,983.3539708,334.8183394,3.513907287,327.9310811,341.7055976,27950
20144,M,1310.982497,7.943614561,1295.413012,1326.551981,519.2360284,4.559053086,510.3002843,528.1717724,26289
20144,P,1118.465198,4.613532047,1109.422675,1127.507721,423.2371862,2.849390666,417.6523804,428.8219919,54239
20151,F,1021.178171,5.704503917,1009.997344,1032.358999,343.7406796,3.556073207,336.7707762,350.7105831,29431
20151,M,1362.179115,8.052755574,1346.395714,1377.962515,535.0266473,4.620563106,525.9703436,544.082951,27374
20151,P,1169.77883,4.693667703,1160.579241,1178.978419,435.4668088,2.886283253,429.8096936,441.123924,56805
20152,F,1038.969771,5.738345549,1027.722613,1050.216928,346.8733606,3.568363891,339.8793674,353.8673538,29989
20152,M,1381.304266,8.076673127,1365.473986,1397.134545,542.6377705,4.642377674,533.5387103,551.7368307,27873
20152,P,1188.898728,4.718132553,1179.651188,1198.146268,440.9130706,2.899553404,435.2299459,446.5961952,57862
20153,F,1038.44266,5.731828541,1027.208276,1049.677044,346.9427079,3.565048611,339.9552126,353.9302032,30022
20153,M,1382.215232,8.057059015,1366.423396,1398.007067,544.838574,4.644616922,535.7351248,553.9420232,27988
20153,P,1188.89311,4.711220698,1179.659118,1198.127103,442.0291287,2.899499391,436.3461099,447.7121475,58010
20154,F,1024.399748,5.691830071,1013.243761,1035.555735,347.0564983,3.5605347,340.0778503,354.0351463,29674
20154,M,1371.241337,8.005923874,1355.549726,1386.932948,540.9591755,4.620744736,531.9025158,550.0158352,27905
20154,P,1176.146998,4.681690552,1166.970884,1185.323111,440.222284,2.889239926,434.5593737,445.8851942,57579
20161,F,996.8737389,5.629051038,985.8407988,1007.906679,348.1597473,3.560045196,341.1820588,355.1374359,28930
20161,M,1341.754179,7.902013735,1326.266233,1357.242126,541.1111614,4.607455312,532.080549,550.1417738,27612
20161,P,1148.290665,4.629096235,1139.217636,1157.363693,440.9701711,2.884891403,435.315784,446.6245583,56542
20162,F,984.0351447,5.592025908,973.0747739,994.9955154,346.6153947,3.545813545,339.6656001,353.5651892,28655
20162,M,1325.459178,7.832421659,1310.107632,1340.810725,535.7167043,4.573591305,526.7524653,544.6809433,27450
20162,P,1133.679388,4.594019314,1124.67511,1142.683666,437.6005465,2.867912703,431.9794376,443.2216554,56105
20163,F,981.1454139,5.574846199,970.2187153,992.0721124,347.0069283,3.541735718,340.0651262,353.9487303,28665
20163,M,1322.571877,7.797007433,1307.289743,1337.854012,537.2313748,4.567742354,528.2785998,546.1841499,27556
20163,P,1131.168301,4.578996567,1122.193468,1140.143134,438.6752223,2.865418369,433.0590023,444.2914423,56221
20164,F,988.3911298,5.587239379,977.4401406,999.342119,346.7401444,3.533362378,339.8147542,353.6655347,28968
20164,M,1326.375504,7.779043585,1311.128579,1341.62243,538.7256536,4.56083942,529.7864084,547.6648989,27760
20164,P,1136.338882,4.577711718,1127.366567,1145.311197,439.2790407,2.860349552,433.6727556,444.8853258,56728
20171,F,993.3511705,5.583057961,982.4083768,1004.293964,341.624684,3.499808424,334.7650595,348.4843085,29226
20171,M,1324.844925,7.752791723,1309.649453,1340.040397,526.0514569,4.496705021,517.2379151,534.8649988,27725
20171,P,1137.748432,4.566362317,1128.798362,1146.698502,430.5682796,2.825893875,425.0295276,436.1070316,56951
20172,F,996.1639229,5.577995545,985.2310517,1007.096794,341.7009148,3.490647557,334.8592456,348.542584,29407
20172,M,1324.859824,7.728819333,1309.711338,1340.00831,523.0952074,4.472267173,514.3295637,531.860851,27867
20172,P,1139.831384,4.559408531,1130.894944,1148.767825,429.2245514,2.81418459,423.7087496,434.7403531,57274
20173,F,992.5276858,5.563544985,981.6231376,1003.432234,339.7322743,3.471941269,332.9272695,346.5372792,29387
20173,M,1318.608099,7.689910303,1303.535875,1333.680323,514.6490239,4.423469599,505.9790234,523.3190243,27870
20173,P,1134.606128,4.541377384,1125.705028,1143.507228,424.1087322,2.789872106,418.6405828,429.5768815,57257
20174,F,997.5625266,5.562901987,986.6592387,1008.465815,338.7802829,3.459186106,332.0002781,345.5602876,29633
20174,M,1329.026753,7.695006813,1313.94454,1344.108966,518.4523245,4.428869269,509.7717408,527.1329083,28250
20174,P,1143.013036,4.547209828,1134.100504,1151.925567,425.4800735,2.787947612,420.0156962,430.9444508,57883
20181,F,1033.713535,5.641288053,1022.65661,1044.770459,351.4465861,3.515956634,344.5553111,358.3378611,30792
20181,M,1364.044433,7.758272134,1348.838219,1379.250646,529.8105989,4.466724416,521.0558191,538.5653788,29151
20181,P,1179.376006,4.600156557,1170.3597,1188.392313,437.5575956,2.821137101,432.0281669,443.0870243,59943
20182,F,1024.635197,5.615129039,1013.629544,1035.64085,351.0591996,3.507893968,344.1837274,357.9346718,30603
20182,M,1354.798397,7.713806936,1339.679335,1369.917458,531.7190789,4.465858332,522.9659966,540.4721612,29172
20182,P,1170.68524,4.578880525,1161.710635,1179.659846,438.2989291,2.818340479,432.7749818,443.8228765,59775
