,,,period,,,,,,,,,,,,,,,,,,,,,,,,,,,,,,,,,,,,,,,,,,,,,,,,,,,,,,,,,,,,,,,,,,,,,,,,,,,,,,,,,,,,,,,,,,,,,,,,,,,,,,,,,,,,,,
,,,19904,19911,19912,19913,19914,19921,19922,19923,19924,19931,19932,19933,19934,19941,19942,19943,19944,19951,19952,19953,19954,19961,19962,19963,19964,19971,19972,19973,19974,19981,19982,19983,19984,19991,19992,19993,19994,20001,20002,20003,20004,20011,20012,20013,20014,20021,20022,20023,20024,20031,20032,20033,20034,20041,20042,20043,20044,20051,20052,20053,20054,20061,20062,20063,20064,20071,20072,20073,20074,20081,20082,20083,20084,20091,20092,20093,20094,20101,20102,20103,20104,20111,20112,20113,20114,20121,20122,20123,20124,20131,20132,20133,20134,20141,20142,20143,20144,20151,20152,20153,20154,20161,20162,20163,20164,20171,20172,20173,20174,20181,20182
typerate,,,1662.8,1642.7,1632.2,1628,1632.3,1633.1,1622.1,1626.2,1615.5,1619.7,1637.7,1642.1,1697.8,1683,1654.1,1641.3,1557.3,1553.4,1556.6,1546,1573.5,1588.7,1578,1579.7,1564.1,1554.2,1552.9,1540.2,1527,1501,1500.8,1507.8,1507.6,1558.9,1535.8,1520.6,1527.2,1507.2,1501.5,1486.3,1443.1,1403.7,1402.3,1407.4,1415.7,1399.9,1404.1,1408.4,1422.3,1430,1429.9,1422.9,1428.6,1419.4,1403.1,1393.1,1357.6,1360.2,1359.2,1348.1,1329.4,1305.5,1306.7,1299.3,1293.9,1314.5,1297.7,1292.5,1302.5,1280.3,1279.4,1275.7,1282,1272.5,1251.7,1242.8,1220,1211.1,1205.8,1201,1198.3,1186.9,1183.5,1179.7,1164.5,1153.3,1165.1,1163.5,1174.1,1189.2,1184.6,1168.7,1150.9,1120.8,1096.8,1106,1118.5,1169.8,1188.9,1188.9,1176.1,1148.3,1133.7,1131.2,1136.3,1137.7,1139.8,1134.6,1143,1179.4,1170.7
AGE-STANDARDISED rate (for all persons),*** ALL AGES ***,,,,,,,,,,,,,,,,,,,,,,,,,,,,,,,,,,,,,,,,,,,,,,,,,,,,,,,,,,,,,,,,,,,,,,,,,,,,,,,,,,,,,,,,,,,,,,,,,,,,,,,,,,,,,,,,
MALE age-standardised rate,*** ALL AGES ***,,2114.4,2090.5,2081.6,2074.8,2077,2084.4,2067.3,2076.7,2077.8,2071.5,2096.5,2097.3,2155.2,2139.6,2106.9,2077.2,1974,1966.1,1955,1952.1,1978.8,1999.1,1999.1,2008.3,1987.5,1955.8,1947,1917.5,1903.7,1879.2,1873.7,1880.7,1866.6,1933.5,1898.9,1875.1,1889.9,1858.2,1853,1824.3,1776.5,1733.1,1725.4,1740.1,1736,1711.9,1720,1719.2,1741.1,1750,1755.8,1751.5,1751.9,1734.9,1704.1,1684.9,1646,1648.7,1643.6,1623.2,1600.9,1578.2,1574.9,1561,1549.7,1560.9,1556.8,1556.4,1568.3,1544.7,1529.2,1515.2,1517.7,1508.1,1483.5,1478.2,1444,1435,1426.9,1413.6,1422.5,1408.5,1402.1,1407,1378,1357.1,1366.8,1353,1356.8,1375.6,1369.2,1354.3,1344.9,1313,1290.4,1300.2,1311,1362.2,1381.3,1382.2,1371.2,1341.8,1325.5,1322.6,1326.4,1324.8,1324.9,1318.6,1329,1364,1354.8
FEMALE age-standardised rate,*** ALL AGES ***,,1386.2,1371,1362,1356.4,1359.8,1358.6,1349.8,1354.1,1341.6,1345.7,1360,1364.8,1418.1,1405.9,1379.6,1375.9,1300.4,1297.1,1306.9,1290.6,1318.1,1331.4,1315.4,1313.5,1298.3,1298.3,1300.7,1295.2,1281.8,1257.5,1258.6,1263.7,1269.2,1311.4,1293.6,1284.3,1287.9,1271.4,1266.3,1255.7,1218.3,1184.1,1183.1,1184.5,1196.2,1184.6,1187.9,1193.4,1201.8,1208.9,1206.4,1200.6,1213,1208.6,1198.9,1193.3,1157.2,1158.8,1161.2,1153.5,1139.1,1115.8,1119.1,1116.6,1112.6,1137.7,1114.5,1105.7,1114.6,1092.5,1100.3,1103.2,1111.3,1102.7,1083.6,1072.1,1056.2,1047.5,1045,1045.6,1036.2,1025.3,1022.6,1013.4,1006.9,1001.2,1013.4,1019.4,1034,1047.2,1042.9,1026.9,1004.3,976.5,952.9,960.4,972.4,1021.2,1039,1038.4,1024.4,996.9,984,981.1,988.4,993.4,996.2,992.5,997.6,1033.7,1024.6
,,,,,,,,,,,,,,,,,,,,,,,,,,,,,,,,,,,,,,,,,,,,,,,,,,,,,,,,,,,,,,,,,,,,,,,,,,,,,,,,,,,,,,,,,,,,,,,,,,,,,,,,,,,,,,,,,
,,,,,,,,,,,,,,,,,,,,,,,,,,,,,,,,,,,,,,,,,,,,,,,,,,,,,,,,,,,,,,,,,,,,,,,,,,,,,,,,,,,,,,,,,,,,,,,,,,,,,,,,,,,,,,,,,
,,,,,,,,,,,,,,,,,,,,,,,,,,,,,,,,,,,,,,,,,,,,,,,,,,,,,,,,,,,,,,,,,,,,,,,,,,,,,,,,,,,,,,,,,,,,,,,,,,,,,,,,,,,,,,,,,
,,,,,,,,,,,,,,,,,,,,,,,,,,,,,,,,,,,,,,,,,,,,,,,,,,,,,,,,,,,,,,,,,,,,,,,,,,,,,,,,,,,,,,,,,,,,,,,,,,,,,,,,,,,,,,,,,
,,,period,,,,,,,,,,,,,,,,,,,,,,,,,,,,,,,,,,,,,,,,,,,,,,,,,,,,,,,,,,,,,,,,,,,,,,,,,,,,,,,,,,,,,,,,,,,,,,,,,,,,,,,,,,,,,,
,,,19904,19911,19912,19913,19914,19921,19922,19923,19924,19931,19932,19933,19934,19941,19942,19943,19944,19951,19952,19953,19954,19961,19962,19963,19964,19971,19972,19973,19974,19981,19982,19983,19984,19991,19992,19993,19994,20001,20002,20003,20004,20011,20012,20013,20014,20021,20022,20023,20024,20031,20032,20033,20034,20041,20042,20043,20044,20051,20052,20053,20054,20061,20062,20063,20064,20071,20072,20073,20074,20081,20082,20083,20084,20091,20092,20093,20094,20101,20102,20103,20104,20111,20112,20113,20114,20121,20122,20123,20124,20131,20132,20133,20134,20141,20142,20143,20144,20151,20152,20153,20154,20161,20162,20163,20164,20171,20172,20173,20174,20181,20182
typerate,,,1649.9,1629.9,1619.5,1615.3,1619.6,1620.4,1609.6,1613.6,1603,1607.2,1625.2,1629.6,1685.1,1670.3,1641.5,1628.8,1545.1,1541.3,1544.5,1534,1561.4,1576.6,1566,1567.7,1552.1,1542.3,1540.9,1528.4,1515.2,1489.3,1489.1,1496.1,1495.9,1547.1,1524.1,1508.9,1515.5,1495.6,1489.9,1474.8,1431.8,1392.5,1391.2,1396.3,1404.6,1388.8,1393,1397.4,1411.2,1418.9,1418.8,1411.9,1417.5,1408.4,1392.2,1382.2,1346.9,1349.4,1348.5,1337.4,1318.8,1295,1296.3,1288.9,1283.5,1304,1287.3,1282.2,1292.2,1270,1269.2,1265.5,1271.8,1262.3,1241.6,1232.8,1210,1201.2,1196,1191.3,1188.6,1177.3,1173.9,1170.1,1155.1,1143.9,1155.7,1154.1,1164.7,1179.8,1175.2,1159.3,1141.7,1111.7,1087.8,1096.9,1109.4,1160.6,1179.7,1179.7,1167,1139.2,1124.7,1122.2,1127.4,1128.8,1130.9,1125.7,1134.1,1170.4,1161.7
AGE-STANDARDISED rate (for all persons),allagelcli,,,,,,,,,,,,,,,,,,,,,,,,,,,,,,,,,,,,,,,,,,,,,,,,,,,,,,,,,,,,,,,,,,,,,,,,,,,,,,,,,,,,,,,,,,,,,,,,,,,,,,,,,,,,,,,,
MALE age-standardised rate,allagelcli,,2088.3,2064.4,2055.6,2049,2051.3,2058.8,2041.9,2051.3,2052.4,2046.3,2071.3,2072.1,2129.8,2114.3,2081.8,2052.4,1949.8,1942.1,1931.2,1928.3,1955,1975.3,1975.3,1984.5,1964,1932.4,1923.7,1894.5,1880.8,1856.4,1851.1,1858.1,1844.2,1910.8,1876.4,1852.8,1867.6,1836.1,1831.1,1802.7,1755.1,1712.1,1704.5,1719.2,1715.1,1691.2,1699.4,1698.6,1720.4,1729.3,1735.1,1730.8,1731.2,1714.3,1683.7,1664.6,1626,1628.8,1623.8,1603.6,1581.5,1559,1555.7,1541.9,1530.7,1541.9,1537.9,1537.5,1549.4,1525.9,1510.6,1496.6,1499.2,1489.7,1465.2,1460.1,1426.1,1417.3,1409.3,1396.2,1405.2,1391.3,1385.1,1390,1361.3,1340.6,1350.4,1336.7,1340.5,1359.2,1353,1338.2,1328.9,1297.2,1274.8,1284.7,1295.4,1346.4,1365.5,1366.4,1355.5,1326.3,1310.1,1307.3,1311.1,1309.6,1309.7,1303.5,1313.9,1348.8,1339.6
FEMALE age-standardised rate,allagelcli,,1371.5,1356.4,1347.5,1342,1345.4,1344.2,1335.5,1339.7,1327.3,1331.4,1345.7,1350.5,1403.6,1391.4,1365.2,1361.6,1286.5,1283.2,1292.9,1276.8,1304.2,1317.4,1301.5,1299.7,1284.5,1284.6,1287,1281.5,1268.2,1244,1245.1,1250.2,1255.7,1297.8,1280,1270.8,1274.4,1258,1252.9,1242.4,1205.1,1171.1,1170.2,1171.5,1183.3,1171.7,1175,1180.5,1188.9,1195.9,1193.5,1187.7,1200,1195.7,1186.1,1180.5,1144.6,1146.2,1148.5,1140.9,1126.6,1103.4,1106.7,1104.3,1100.3,1125.3,1102.2,1093.4,1102.4,1080.4,1088.1,1091,1099.1,1090.6,1071.6,1060.1,1044.3,1035.7,1033.2,1033.8,1024.6,1013.8,1011,1001.9,995.5,989.9,1002.1,1008,1022.6,1035.8,1031.5,1015.5,993,965.4,942,949.4,961.4,1010,1027.7,1027.2,1013.2,985.8,973.1,970.2,977.4,982.4,985.2,981.6,986.7,1022.7,1013.6
,,,,,,,,,,,,,,,,,,,,,,,,,,,,,,,,,,,,,,,,,,,,,,,,,,,,,,,,,,,,,,,,,,,,,,,,,,,,,,,,,,,,,,,,,,,,,,,,,,,,,,,,,,,,,,,,,
,,,,,,,,,,,,,,,,,,,,,,,,,,,,,,,,,,,,,,,,,,,,,,,,,,,,,,,,,,,,,,,,,,,,,,,,,,,,,,,,,,,,,,,,,,,,,,,,,,,,,,,,,,,,,,,,,
,,,,,,,,,,,,,,,,,,,,,,,,,,,,,,,,,,,,,,,,,,,,,,,,,,,,,,,,,,,,,,,,,,,,,,,,,,,,,,,,,,,,,,,,,,,,,,,,,,,,,,,,,,,,,,,,,
,,,,,,,,,,,,,,,,,,,,,,,,,,,,,,,,,,,,,,,,,,,,,,,,,,,,,,,,,,,,,,,,,,,,,,,,,,,,,,,,,,,,,,,,,,,,,,,,,,,,,,,,,,,,,,,,,
,,,period,,,,,,,,,,,,,,,,,,,,,,,,,,,,,,,,,,,,,,,,,,,,,,,,,,,,,,,,,,,,,,,,,,,,,,,,,,,,,,,,,,,,,,,,,,,,,,,,,,,,,,,,,,,,,,
,,,19904,19911,19912,19913,19914,19921,19922,19923,19924,19931,19932,19933,19934,19941,19942,19943,19944,19951,19952,19953,19954,19961,19962,19963,19964,19971,19972,19973,19974,19981,19982,19983,19984,19991,19992,19993,19994,20001,20002,20003,20004,20011,20012,20013,20014,20021,20022,20023,20024,20031,20032,20033,20034,20041,20042,20043,20044,20051,20052,20053,20054,20061,20062,20063,20064,20071,20072,20073,20074,20081,20082,20083,20084,20091,20092,20093,20094,20101,20102,20103,20104,20111,20112,20113,20114,20121,20122,20123,20124,20131,20132,20133,20134,20141,20142,20143,20144,20151,20152,20153,20154,20161,20162,20163,20164,20171,20172,20173,20174,20181,20182
typerate,,,1675.7,1655.5,1645,1640.7,1644.9,1645.7,1634.7,1638.7,1628,1632.2,1650.2,1654.7,1710.5,1695.6,1666.6,1653.8,1569.5,1565.6,1568.7,1558.1,1585.6,1600.9,1590.1,1591.8,1576.1,1566.2,1564.8,1552.1,1538.8,1512.8,1512.4,1519.5,1519.3,1570.7,1547.6,1532.2,1538.9,1518.8,1513.1,1497.8,1454.4,1414.8,1413.5,1418.5,1426.8,1410.9,1415.1,1419.5,1433.4,1441.2,1441,1434,1439.7,1430.5,1414.1,1404,1368.4,1371,1370,1358.8,1340,1316,1317.2,1309.7,1304.3,1324.9,1308,1302.9,1312.9,1290.5,1289.7,1285.9,1292.3,1282.7,1261.8,1252.9,1229.9,1221,1215.7,1210.8,1208.1,1196.6,1193.1,1189.3,1174,1162.8,1174.6,1172.9,1183.6,1198.7,1194,1178,1160.2,1129.9,1105.8,1115,1127.5,1179,1198.1,1198.1,1185.3,1157.4,1142.7,1140.1,1145.3,1146.7,1148.8,1143.5,1151.9,1188.4,1179.7
AGE-STANDARDISED rate (for all persons),allageucli,,,,,,,,,,,,,,,,,,,,,,,,,,,,,,,,,,,,,,,,,,,,,,,,,,,,,,,,,,,,,,,,,,,,,,,,,,,,,,,,,,,,,,,,,,,,,,,,,,,,,,,,,,,,,,,,
MALE age-standardised rate,allageucli,,2140.6,2116.5,2107.6,2100.7,2102.7,2110,2092.7,2102.1,2103.1,2096.7,2121.7,2122.5,2180.6,2164.9,2132,2102.1,1998.2,1990.2,1978.9,1975.9,2002.7,2023,2022.9,2032.1,2011.1,1979.1,1970.2,1940.6,1926.7,1901.9,1896.3,1903.2,1889,1956.2,1921.3,1897.4,1912.2,1880.2,1874.9,1845.9,1797.8,1754.2,1746.3,1761,1756.8,1732.5,1740.7,1739.9,1761.8,1770.8,1776.6,1772.2,1772.6,1755.5,1724.5,1705.1,1665.9,1668.6,1663.4,1642.9,1620.4,1597.5,1594.1,1580,1568.6,1579.8,1575.7,1575.2,1587.2,1563.4,1547.8,1533.7,1536.2,1526.5,1501.7,1496.4,1461.9,1452.8,1444.5,1431,1439.8,1425.6,1419.1,1423.9,1394.7,1373.6,1383.3,1369.4,1373.1,1391.9,1385.5,1370.4,1360.9,1328.8,1306,1315.8,1326.6,1378,1397.1,1398,1386.9,1357.2,1340.8,1337.9,1341.6,1340,1340,1333.7,1344.1,1379.2,1369.9
FEMALE age-standardised rate,allageucli,,1400.9,1385.6,1376.5,1370.9,1374.2,1373,1364.1,1368.4,1355.8,1359.9,1374.3,1379.1,1432.6,1420.3,1393.9,1390.3,1314.4,1311.1,1320.8,1304.4,1332.1,1345.4,1329.2,1327.4,1312,1312.1,1314.4,1308.9,1295.4,1271,1272,1277.2,1282.7,1325.1,1307.1,1297.9,1301.4,1284.9,1279.7,1269.1,1231.4,1197,1196.1,1197.4,1209.2,1197.4,1200.8,1206.3,1214.7,1221.8,1219.3,1213.5,1226,1221.5,1211.8,1206.2,1169.9,1171.5,1173.8,1166.1,1151.6,1128.2,1131.5,1129,1124.9,1150.1,1126.8,1117.9,1126.9,1104.7,1112.4,1115.3,1123.5,1114.9,1095.7,1084,1068.1,1059.3,1056.8,1057.3,1047.9,1036.9,1034.1,1024.8,1018.3,1012.5,1024.8,1030.8,1045.5,1058.7,1054.4,1038.2,1015.5,987.6,963.8,971.3,983.4,1032.4,1050.2,1049.7,1035.6,1007.9,995,992.1,999.3,1004.3,1007.1,1003.4,1008.5,1044.8,1035.6
,,,,,,,,,,,,,,,,,,,,,,,,,,,,,,,,,,,,,,,,,,,,,,,,,,,,,,,,,,,,,,,,,,,,,,,,,,,,,,,,,,,,,,,,,,,,,,,,,,,,,,,,,,,,,,,,,
,,,,,,,,,,,,,,,,,,,,,,,,,,,,,,,,,,,,,,,,,,,,,,,,,,,,,,,,,,,,,,,,,,,,,,,,,,,,,,,,,,,,,,,,,,,,,,,,,,,,,,,,,,,,,,,,,
,,,,,,,,,,,,,,,,,,,,,,,,,,,,,,,,,,,,,,,,,,,,,,,,,,,,,,,,,,,,,,,,,,,,,,,,,,,,,,,,,,,,,,,,,,,,,,,,,,,,,,,,,,,,,,,,,
,,,,,,,,,,,,,,,,,,,,,,,,,,,,,,,,,,,,,,,,,,,,,,,,,,,,,,,,,,,,,,,,,,,,,,,,,,,,,,,,,,,,,,,,,,,,,,,,,,,,,,,,,,,,,,,,,
,,,period,,,,,,,,,,,,,,,,,,,,,,,,,,,,,,,,,,,,,,,,,,,,,,,,,,,,,,,,,,,,,,,,,,,,,,,,,,,,,,,,,,,,,,,,,,,,,,,,,,,,,,,,,,,,,,
,,,19904,19911,19912,19913,19914,19921,19922,19923,19924,19931,19932,19933,19934,19941,19942,19943,19944,19951,19952,19953,19954,19961,19962,19963,19964,19971,19972,19973,19974,19981,19982,19983,19984,19991,19992,19993,19994,20001,20002,20003,20004,20011,20012,20013,20014,20021,20022,20023,20024,20031,20032,20033,20034,20041,20042,20043,20044,20051,20052,20053,20054,20061,20062,20063,20064,20071,20072,20073,20074,20081,20082,20083,20084,20091,20092,20093,20094,20101,20102,20103,20104,20111,20112,20113,20114,20121,20122,20123,20124,20131,20132,20133,20134,20141,20142,20143,20144,20151,20152,20153,20154,20161,20162,20163,20164,20171,20172,20173,20174,20181,20182
typerate,,,6.6,6.5,6.5,6.5,6.5,6.4,6.4,6.4,6.4,6.4,6.4,6.4,6.5,6.5,6.4,6.4,6.2,6.2,6.2,6.2,6.2,6.2,6.2,6.2,6.1,6.1,6.1,6.1,6,6,6,6,6,6,6,6,6,5.9,5.9,5.9,5.8,5.7,5.7,5.7,5.7,5.6,5.6,5.6,5.7,5.7,5.7,5.6,5.7,5.6,5.6,5.6,5.5,5.5,5.5,5.5,5.4,5.4,5.3,5.3,5.3,5.3,5.3,5.3,5.3,5.2,5.2,5.2,5.2,5.2,5.2,5.1,5.1,5,5,5,5,4.9,4.9,4.9,4.8,4.8,4.8,4.8,4.8,4.8,4.8,4.8,4.7,4.7,4.6,4.6,4.6,4.7,4.7,4.7,4.7,4.6,4.6,4.6,4.6,4.6,4.6,4.5,4.5,4.6,4.6
AGE-STANDARDISED rate (for all persons),allagestderr,,,,,,,,,,,,,,,,,,,,,,,,,,,,,,,,,,,,,,,,,,,,,,,,,,,,,,,,,,,,,,,,,,,,,,,,,,,,,,,,,,,,,,,,,,,,,,,,,,,,,,,,,,,,,,,,
MALE age-standardised rate,allagestderr,,13.4,13.3,13.3,13.2,13.1,13.1,13,13,12.9,12.8,12.9,12.8,13,12.9,12.8,12.7,12.3,12.3,12.2,12.1,12.2,12.2,12.1,12.1,12,11.9,11.9,11.8,11.7,11.6,11.5,11.5,11.4,11.6,11.5,11.4,11.4,11.2,11.2,11,10.9,10.7,10.7,10.7,10.6,10.5,10.5,10.5,10.6,10.6,10.6,10.6,10.6,10.5,10.4,10.3,10.2,10.2,10.1,10,9.9,9.8,9.8,9.7,9.7,9.7,9.6,9.6,9.6,9.6,9.5,9.5,9.4,9.4,9.3,9.3,9.1,9,9,8.9,8.8,8.7,8.7,8.6,8.5,8.4,8.4,8.3,8.3,8.3,8.3,8.2,8.2,8,8,7.9,7.9,8.1,8.1,8.1,8,7.9,7.8,7.8,7.8,7.8,7.7,7.7,7.7,7.8,7.7
FEMALE age-standardised rate,allagestderr,,7.5,7.4,7.4,7.4,7.4,7.3,7.3,7.3,7.3,7.3,7.3,7.3,7.4,7.4,7.3,7.3,7.1,7.1,7.1,7.1,7.1,7.1,7.1,7.1,7,7,7,7,6.9,6.9,6.9,6.9,6.9,7,6.9,6.9,6.9,6.9,6.8,6.8,6.7,6.6,6.6,6.6,6.6,6.6,6.6,6.6,6.6,6.6,6.6,6.6,6.6,6.6,6.6,6.6,6.5,6.5,6.4,6.4,6.4,6.3,6.3,6.3,6.3,6.3,6.3,6.2,6.3,6.2,6.2,6.2,6.2,6.2,6.1,6.1,6.1,6,6,6,5.9,5.9,5.9,5.9,5.8,5.8,5.8,5.8,5.8,5.9,5.8,5.8,5.7,5.7,5.6,5.6,5.6,5.7,5.7,5.7,5.7,5.6,5.6,5.6,5.6,5.6,5.6,5.6,5.6,5.6,5.6
,,,,,,,,,,,,,,,,,,,,,,,,,,,,,,,,,,,,,,,,,,,,,,,,,,,,,,,,,,,,,,,,,,,,,,,,,,,,,,,,,,,,,,,,,,,,,,,,,,,,,,,,,,,,,,,,,
,,,,,,,,,,,,,,,,,,,,,,,,,,,,,,,,,,,,,,,,,,,,,,,,,,,,,,,,,,,,,,,,,,,,,,,,,,,,,,,,,,,,,,,,,,,,,,,,,,,,,,,,,,,,,,,,,
,,,,,,,,,,,,,,,,,,,,,,,,,,,,,,,,,,,,,,,,,,,,,,,,,,,,,,,,,,,,,,,,,,,,,,,,,,,,,,,,,,,,,,,,,,,,,,,,,,,,,,,,,,,,,,,,,
,,,,,,,,,,,,,,,,,,,,,,,,,,,,,,,,,,,,,,,,,,,,,,,,,,,,,,,,,,,,,,,,,,,,,,,,,,,,,,,,,,,,,,,,,,,,,,,,,,,,,,,,,,,,,,,,,
,,,period,,,,,,,,,,,,,,,,,,,,,,,,,,,,,,,,,,,,,,,,,,,,,,,,,,,,,,,,,,,,,,,,,,,,,,,,,,,,,,,,,,,,,,,,,,,,,,,,,,,,,,,,,,,,,,
,,,19904,19911,19912,19913,19914,19921,19922,19923,19924,19931,19932,19933,19934,19941,19942,19943,19944,19951,19952,19953,19954,19961,19962,19963,19964,19971,19972,19973,19974,19981,19982,19983,19984,19991,19992,19993,19994,20001,20002,20003,20004,20011,20012,20013,20014,20021,20022,20023,20024,20031,20032,20033,20034,20041,20042,20043,20044,20051,20052,20053,20054,20061,20062,20063,20064,20071,20072,20073,20074,20081,20082,20083,20084,20091,20092,20093,20094,20101,20102,20103,20104,20111,20112,20113,20114,20121,20122,20123,20124,20131,20132,20133,20134,20141,20142,20143,20144,20151,20152,20153,20154,20161,20162,20163,20164,20171,20172,20173,20174,20181,20182
typerate,,,740.3,729.6,723.1,721.5,724.1,724.4,722.7,720.4,710.4,709.1,710.6,710.2,725,720,712.8,711.3,688,686.7,684.3,677.1,681.9,684.3,679,680.2,677,667.9,668.5,658.6,651.5,644.6,638,644.3,643.3,651.3,644,633.4,632.4,631.7,630.2,625.2,607.2,592,589.5,589.8,592.7,584.2,586.1,586.6,588.8,589.6,583.5,576.3,573.4,568.4,561.3,559.8,546.2,542.4,541.8,534.2,530.4,529.1,527,523,520,519.7,516.5,515.6,516.7,508.9,505.6,503.7,501.3,496.3,487.4,481.6,477.2,476,473.1,470.4,467.4,466,464.5,464.6,455.8,445.7,448,443.3,445.3,446.4,446.1,441,437.4,429.3,420.3,421.9,423.2,435.5,440.9,442,440.2,441,437.6,438.7,439.3,430.6,429.2,424.1,425.5,437.6,438.3
AGE-STANDARDISED rate (for all persons),*** UNDER 75 Y.O. ***,,,,,,,,,,,,,,,,,,,,,,,,,,,,,,,,,,,,,,,,,,,,,,,,,,,,,,,,,,,,,,,,,,,,,,,,,,,,,,,,,,,,,,,,,,,,,,,,,,,,,,,,,,,,,,,,
MALE age-standardised rate,*** UNDER 75 Y.O. ***,,956.7,941.5,934.8,932.6,940,937.6,932.7,928.7,914.3,916.5,920.1,921.9,939,930.4,920.9,910.3,881.8,881.1,875.1,873.6,879.9,881.6,878.6,880.7,875.8,860.3,857,842.4,838,827.1,820.4,830.2,825.3,839.1,828.6,811,808,808.6,808.5,801,777.8,754.4,753,756.3,760.6,751.1,750.8,750.5,755.4,755,749.1,737.8,725.7,717.8,706.8,704.7,693.4,688.2,683.4,672.1,663.9,661,658.3,650.4,647.9,646.3,644.9,644,644.9,637.3,631.4,629.5,626.8,620.1,606.2,600.8,590.3,587.2,582.8,574.8,573.5,572.9,572.1,573.3,560.3,547.3,549.6,541.8,542,540.8,541.6,536.6,533,524.8,513.1,515.4,519.2,535,542.6,544.8,541,541.1,535.7,537.2,538.7,526.1,523.1,514.6,518.5,529.8,531.8
FEMALE age-standardised rate,*** UNDER 75 Y.O. ***,,563.1,555.5,549.5,548,546.5,548.9,548.5,547.4,540.4,536.2,536.2,533.8,546.7,544.2,538.9,544.9,525.5,523.2,523.5,511.1,514.4,517.6,510.4,511.2,508.4,504.6,508.3,502.1,492.8,489.1,482.1,484.9,486.9,489.6,484.9,480.1,480.8,478.4,475.7,472.6,459.4,451.1,447.5,445.1,446.4,438.4,442.4,443.3,442.7,444.8,438,434.5,439.6,436.9,433.3,432.1,416,413.4,416.2,411.7,411.9,411.7,409.5,408.7,404.7,405.6,401,400.1,401,393.1,391.8,389.7,387.8,384.2,379.7,373.4,374.4,374.6,373.1,375,370.3,368.5,366.3,365.4,360.5,352.5,354.6,352.8,356.1,359.6,358.1,353,349.2,341.4,335.1,335.9,334.8,343.7,346.9,346.9,347.1,348.2,346.6,347,346.7,341.6,341.7,339.7,338.8,351.4,351
,,,,,,,,,,,,,,,,,,,,,,,,,,,,,,,,,,,,,,,,,,,,,,,,,,,,,,,,,,,,,,,,,,,,,,,,,,,,,,,,,,,,,,,,,,,,,,,,,,,,,,,,,,,,,,,,,
,,,,,,,,,,,,,,,,,,,,,,,,,,,,,,,,,,,,,,,,,,,,,,,,,,,,,,,,,,,,,,,,,,,,,,,,,,,,,,,,,,,,,,,,,,,,,,,,,,,,,,,,,,,,,,,,,
,,,,,,,,,,,,,,,,,,,,,,,,,,,,,,,,,,,,,,,,,,,,,,,,,,,,,,,,,,,,,,,,,,,,,,,,,,,,,,,,,,,,,,,,,,,,,,,,,,,,,,,,,,,,,,,,,
,,,,,,,,,,,,,,,,,,,,,,,,,,,,,,,,,,,,,,,,,,,,,,,,,,,,,,,,,,,,,,,,,,,,,,,,,,,,,,,,,,,,,,,,,,,,,,,,,,,,,,,,,,,,,,,,,
,,,period,,,,,,,,,,,,,,,,,,,,,,,,,,,,,,,,,,,,,,,,,,,,,,,,,,,,,,,,,,,,,,,,,,,,,,,,,,,,,,,,,,,,,,,,,,,,,,,,,,,,,,,,,,,,,,
,,,19904,19911,19912,19913,19914,19921,19922,19923,19924,19931,19932,19933,19934,19941,19942,19943,19944,19951,19952,19953,19954,19961,19962,19963,19964,19971,19972,19973,19974,19981,19982,19983,19984,19991,19992,19993,19994,20001,20002,20003,20004,20011,20012,20013,20014,20021,20022,20023,20024,20031,20032,20033,20034,20041,20042,20043,20044,20051,20052,20053,20054,20061,20062,20063,20064,20071,20072,20073,20074,20081,20082,20083,20084,20091,20092,20093,20094,20101,20102,20103,20104,20111,20112,20113,20114,20121,20122,20123,20124,20131,20132,20133,20134,20141,20142,20143,20144,20151,20152,20153,20154,20161,20162,20163,20164,20171,20172,20173,20174,20181,20182
typerate,,,732.2,721.6,715.1,713.5,716.1,716.4,714.7,712.4,702.5,701.3,702.8,702.4,717.2,712.1,705,703.6,680.3,679.1,676.7,669.5,674.2,676.6,671.3,672.6,669.4,660.3,660.9,651.1,644.1,637.1,630.6,636.9,635.9,643.8,636.5,626,625,624.4,622.9,617.9,600,584.9,582.4,582.7,585.6,577.1,579.1,579.6,581.8,582.6,576.5,569.4,566.4,561.5,554.5,553,539.5,535.7,535.1,527.6,523.8,522.6,520.4,516.5,513.5,513.2,510,509.2,510.2,502.5,499.3,497.3,495,490,481.3,475.5,471.1,469.9,467,464.3,461.4,460.1,458.5,458.6,449.9,439.9,442.1,437.5,439.5,440.6,440.3,435.3,431.7,423.6,414.8,416.3,417.7,429.8,435.2,436.3,434.6,435.3,432,433.1,433.7,425,423.7,418.6,420,432,432.8
AGE-STANDARDISED rate (for all persons),under75lcli,,,,,,,,,,,,,,,,,,,,,,,,,,,,,,,,,,,,,,,,,,,,,,,,,,,,,,,,,,,,,,,,,,,,,,,,,,,,,,,,,,,,,,,,,,,,,,,,,,,,,,,,,,,,,,,,
MALE age-standardised rate,under75lcli,,942.9,927.9,921.3,919.1,926.5,924.1,919.3,915.4,901.1,903.4,906.9,908.7,925.7,917.2,907.8,897.3,869,868.3,862.4,860.9,867.1,868.8,865.8,867.9,863.1,847.6,844.3,829.8,825.5,814.7,808,817.8,813,826.6,816.2,798.8,795.7,796.4,796.3,788.9,765.8,742.6,741.3,744.5,748.8,739.4,739.2,738.9,743.8,743.4,737.5,726.3,714.3,706.5,695.6,693.5,682.3,677.2,672.5,661.3,653.1,650.2,647.7,639.8,637.3,635.8,634.5,633.5,634.5,627,621.1,619.3,616.5,609.9,596.2,590.9,580.5,577.4,573,565.1,563.9,563.3,562.5,563.6,550.8,538,540.3,532.6,532.8,531.6,532.4,527.5,523.9,515.7,504.2,506.4,510.3,526,533.5,535.7,531.9,532.1,526.8,528.3,529.8,517.2,514.3,506,509.8,521.1,523
FEMALE age-standardised rate,under75lcli,,553.6,546,540.1,538.5,537.1,539.5,539.1,538,531.1,526.9,527,524.6,537.4,534.9,529.7,535.6,516.4,514.2,514.4,502.1,505.4,508.6,501.4,502.1,499.4,495.6,499.3,493.1,483.9,480.2,473.3,476.1,478.1,480.8,476.1,471.3,472,469.6,467,463.9,450.8,442.7,439.1,436.6,438,430.1,434.1,435,434.4,436.4,429.7,426.3,431.3,428.6,425,423.9,408,405.4,408.2,403.7,403.9,403.7,401.5,400.7,396.8,397.7,393.1,392.2,393.2,385.4,384.1,382,380.1,376.6,372.1,365.9,366.9,367.2,365.7,367.6,362.9,361.1,358.9,358,353.2,345.3,347.4,345.7,348.9,352.3,350.9,345.9,342.1,334.4,328.2,329,327.9,336.8,339.9,340,340.1,341.2,339.7,340.1,339.8,334.8,334.9,332.9,332,344.6,344.1
,,,,,,,,,,,,,,,,,,,,,,,,,,,,,,,,,,,,,,,,,,,,,,,,,,,,,,,,,,,,,,,,,,,,,,,,,,,,,,,,,,,,,,,,,,,,,,,,,,,,,,,,,,,,,,,,,
,,,,,,,,,,,,,,,,,,,,,,,,,,,,,,,,,,,,,,,,,,,,,,,,,,,,,,,,,,,,,,,,,,,,,,,,,,,,,,,,,,,,,,,,,,,,,,,,,,,,,,,,,,,,,,,,,
,,,,,,,,,,,,,,,,,,,,,,,,,,,,,,,,,,,,,,,,,,,,,,,,,,,,,,,,,,,,,,,,,,,,,,,,,,,,,,,,,,,,,,,,,,,,,,,,,,,,,,,,,,,,,,,,,
,,,,,,,,,,,,,,,,,,,,,,,,,,,,,,,,,,,,,,,,,,,,,,,,,,,,,,,,,,,,,,,,,,,,,,,,,,,,,,,,,,,,,,,,,,,,,,,,,,,,,,,,,,,,,,,,,
,,,period,,,,,,,,,,,,,,,,,,,,,,,,,,,,,,,,,,,,,,,,,,,,,,,,,,,,,,,,,,,,,,,,,,,,,,,,,,,,,,,,,,,,,,,,,,,,,,,,,,,,,,,,,,,,,,
,,,19904,19911,19912,19913,19914,19921,19922,19923,19924,19931,19932,19933,19934,19941,19942,19943,19944,19951,19952,19953,19954,19961,19962,19963,19964,19971,19972,19973,19974,19981,19982,19983,19984,19991,19992,19993,19994,20001,20002,20003,20004,20011,20012,20013,20014,20021,20022,20023,20024,20031,20032,20033,20034,20041,20042,20043,20044,20051,20052,20053,20054,20061,20062,20063,20064,20071,20072,20073,20074,20081,20082,20083,20084,20091,20092,20093,20094,20101,20102,20103,20104,20111,20112,20113,20114,20121,20122,20123,20124,20131,20132,20133,20134,20141,20142,20143,20144,20151,20152,20153,20154,20161,20162,20163,20164,20171,20172,20173,20174,20181,20182
typerate,,,748.4,737.7,731.1,729.5,732.1,732.3,730.6,728.3,718.2,716.9,718.5,718.1,732.9,727.8,720.6,719.1,695.6,694.4,692,684.7,689.5,691.9,686.6,687.8,684.7,675.4,676.1,666.1,659,652,645.4,651.7,650.7,658.7,651.4,640.7,639.8,639.1,637.6,632.5,614.4,599.1,596.6,596.9,599.8,591.2,593.2,593.6,595.9,596.6,590.5,583.3,580.3,575.2,568.2,566.6,552.9,549.1,548.4,540.8,537,535.7,533.5,529.5,526.4,526.2,522.9,522,523.1,515.3,512,510,507.6,502.5,493.6,487.7,483.3,482,479.2,476.4,473.4,472,470.4,470.6,461.7,451.5,453.8,449.1,451.1,452.2,451.8,446.8,443.1,434.9,425.9,427.5,428.8,441.1,446.6,447.7,445.9,446.6,443.2,444.3,444.9,436.1,434.7,429.6,430.9,443.1,443.8
AGE-STANDARDISED rate (for all persons),under75ucli,,,,,,,,,,,,,,,,,,,,,,,,,,,,,,,,,,,,,,,,,,,,,,,,,,,,,,,,,,,,,,,,,,,,,,,,,,,,,,,,,,,,,,,,,,,,,,,,,,,,,,,,,,,,,,,,
MALE age-standardised rate,under75ucli,,970.4,955.1,948.3,946.1,953.5,951.1,946,942,927.5,929.7,933.3,935.1,952.2,943.6,934,923.3,894.6,893.9,887.9,886.4,892.7,894.5,891.4,893.5,888.6,872.9,869.6,854.9,850.5,839.5,832.7,842.6,837.7,851.6,840.9,823.3,820.2,820.8,820.7,813.2,789.7,766.1,764.7,768,772.3,762.8,762.5,762.1,767.1,766.7,760.6,749.3,737,729.1,718,715.8,704.4,699.1,694.4,682.9,674.6,671.7,669,661,658.4,656.8,655.4,654.5,655.4,647.7,641.7,639.8,637,630.2,616.2,610.8,600.2,597,592.5,584.5,583.1,582.5,581.7,582.9,569.7,556.7,559,551.1,551.3,550.1,550.8,545.8,542.2,533.8,522,524.3,528.2,544.1,551.7,553.9,550,550.1,544.7,546.2,547.7,534.9,531.9,523.3,527.1,538.6,540.5
FEMALE age-standardised rate,under75ucli,,572.7,565,558.9,557.4,555.8,558.4,557.9,556.8,549.7,545.4,545.4,543,556,553.5,548.2,554.2,534.6,532.3,532.6,520.1,523.5,526.7,519.4,520.2,517.5,513.6,517.4,511.1,501.6,497.9,490.9,493.7,495.8,498.4,493.7,488.8,489.6,487.1,484.4,481.3,467.9,459.6,456,453.5,454.9,446.8,450.8,451.7,451.1,453.2,446.3,442.8,448,445.1,441.5,440.3,424.1,421.4,424.3,419.7,419.8,419.7,417.4,416.6,412.6,413.5,408.8,407.9,408.9,400.9,399.5,397.4,395.4,391.8,387.2,380.8,381.9,382.1,380.6,382.5,377.8,375.8,373.6,372.7,367.8,359.7,361.8,360,363.3,366.8,365.3,360.1,356.2,348.3,342,342.8,341.7,350.7,353.9,353.9,354,355.1,353.6,353.9,353.7,348.5,348.5,346.5,345.6,358.3,357.9
,,,,,,,,,,,,,,,,,,,,,,,,,,,,,,,,,,,,,,,,,,,,,,,,,,,,,,,,,,,,,,,,,,,,,,,,,,,,,,,,,,,,,,,,,,,,,,,,,,,,,,,,,,,,,,,,,
,,,,,,,,,,,,,,,,,,,,,,,,,,,,,,,,,,,,,,,,,,,,,,,,,,,,,,,,,,,,,,,,,,,,,,,,,,,,,,,,,,,,,,,,,,,,,,,,,,,,,,,,,,,,,,,,,
,,,,,,,,,,,,,,,,,,,,,,,,,,,,,,,,,,,,,,,,,,,,,,,,,,,,,,,,,,,,,,,,,,,,,,,,,,,,,,,,,,,,,,,,,,,,,,,,,,,,,,,,,,,,,,,,,
,,,,,,,,,,,,,,,,,,,,,,,,,,,,,,,,,,,,,,,,,,,,,,,,,,,,,,,,,,,,,,,,,,,,,,,,,,,,,,,,,,,,,,,,,,,,,,,,,,,,,,,,,,,,,,,,,
,,,period,,,,,,,,,,,,,,,,,,,,,,,,,,,,,,,,,,,,,,,,,,,,,,,,,,,,,,,,,,,,,,,,,,,,,,,,,,,,,,,,,,,,,,,,,,,,,,,,,,,,,,,,,,,,,,
,,,19904,19911,19912,19913,19914,19921,19922,19923,19924,19931,19932,19933,19934,19941,19942,19943,19944,19951,19952,19953,19954,19961,19962,19963,19964,19971,19972,19973,19974,19981,19982,19983,19984,19991,19992,19993,19994,20001,20002,20003,20004,20011,20012,20013,20014,20021,20022,20023,20024,20031,20032,20033,20034,20041,20042,20043,20044,20051,20052,20053,20054,20061,20062,20063,20064,20071,20072,20073,20074,20081,20082,20083,20084,20091,20092,20093,20094,20101,20102,20103,20104,20111,20112,20113,20114,20121,20122,20123,20124,20131,20132,20133,20134,20141,20142,20143,20144,20151,20152,20153,20154,20161,20162,20163,20164,20171,20172,20173,20174,20181,20182
typerate,,,4.1,4.1,4.1,4.1,4.1,4.1,4.1,4,4,4,4,4,4,4,4,4,3.9,3.9,3.9,3.9,3.9,3.9,3.9,3.9,3.9,3.9,3.9,3.8,3.8,3.8,3.8,3.8,3.8,3.8,3.8,3.8,3.8,3.7,3.7,3.7,3.7,3.6,3.6,3.6,3.6,3.6,3.6,3.6,3.6,3.6,3.6,3.5,3.5,3.5,3.5,3.5,3.4,3.4,3.4,3.4,3.4,3.4,3.3,3.3,3.3,3.3,3.3,3.3,3.3,3.3,3.2,3.2,3.2,3.2,3.2,3.1,3.1,3.1,3.1,3.1,3.1,3.1,3.1,3,3,3,3,3,3,3,3,2.9,2.9,2.9,2.9,2.9,2.8,2.9,2.9,2.9,2.9,2.9,2.9,2.9,2.9,2.8,2.8,2.8,2.8,2.8,2.8
AGE-STANDARDISED rate (for all persons),under75stderr,,,,,,,,,,,,,,,,,,,,,,,,,,,,,,,,,,,,,,,,,,,,,,,,,,,,,,,,,,,,,,,,,,,,,,,,,,,,,,,,,,,,,,,,,,,,,,,,,,,,,,,,,,,,,,,,
MALE age-standardised rate,under75stderr,,7,6.9,6.9,6.9,6.9,6.9,6.8,6.8,6.7,6.7,6.7,6.7,6.8,6.7,6.7,6.6,6.5,6.5,6.5,6.5,6.5,6.5,6.5,6.5,6.5,6.5,6.5,6.4,6.4,6.3,6.3,6.3,6.3,6.4,6.3,6.2,6.2,6.2,6.2,6.2,6.1,6,6,6,6,6,5.9,5.9,5.9,5.9,5.9,5.9,5.8,5.8,5.7,5.7,5.6,5.6,5.6,5.5,5.5,5.5,5.4,5.4,5.4,5.4,5.3,5.3,5.3,5.3,5.3,5.2,5.2,5.2,5.1,5.1,5,5,5,4.9,4.9,4.9,4.9,4.9,4.8,4.8,4.8,4.7,4.7,4.7,4.7,4.7,4.7,4.6,4.6,4.6,4.6,4.6,4.6,4.6,4.6,4.6,4.6,4.6,4.6,4.5,4.5,4.4,4.4,4.5,4.5
FEMALE age-standardised rate,under75stderr,,4.9,4.8,4.8,4.8,4.8,4.8,4.8,4.8,4.7,4.7,4.7,4.7,4.7,4.7,4.7,4.7,4.6,4.6,4.6,4.6,4.6,4.6,4.6,4.6,4.6,4.6,4.6,4.6,4.5,4.5,4.5,4.5,4.5,4.5,4.5,4.5,4.5,4.5,4.4,4.4,4.4,4.3,4.3,4.3,4.3,4.3,4.3,4.3,4.3,4.3,4.2,4.2,4.2,4.2,4.2,4.2,4.1,4.1,4.1,4.1,4.1,4.1,4.1,4.1,4,4,4,4,4,3.9,3.9,3.9,3.9,3.9,3.8,3.8,3.8,3.8,3.8,3.8,3.8,3.8,3.7,3.7,3.7,3.7,3.7,3.7,3.7,3.7,3.7,3.6,3.6,3.6,3.5,3.5,3.5,3.6,3.6,3.6,3.6,3.6,3.5,3.5,3.5,3.5,3.5,3.5,3.5,3.5,3.5
,,,,,,,,,,,,,,,,,,,,,,,,,,,,,,,,,,,,,,,,,,,,,,,,,,,,,,,,,,,,,,,,,,,,,,,,,,,,,,,,,,,,,,,,,,,,,,,,,,,,,,,,,,,,,,,,,
,,,,,,,,,,,,,,,,,,,,,,,,,,,,,,,,,,,,,,,,,,,,,,,,,,,,,,,,,,,,,,,,,,,,,,,,,,,,,,,,,,,,,,,,,,,,,,,,,,,,,,,,,,,,,,,,,
,,,,,,,,,,,,,,,,,,,,,,,,,,,,,,,,,,,,,,,,,,,,,,,,,,,,,,,,,,,,,,,,,,,,,,,,,,,,,,,,,,,,,,,,,,,,,,,,,,,,,,,,,,,,,,,,,
,,,,,,,,,,,,,,,,,,,,,,,,,,,,,,,,,,,,,,,,,,,,,,,,,,,,,,,,,,,,,,,,,,,,,,,,,,,,,,,,,,,,,,,,,,,,,,,,,,,,,,,,,,,,,,,,,
,,,period,,,,,,,,,,,,,,,,,,,,,,,,,,,,,,,,,,,,,,,,,,,,,,,,,,,,,,,,,,,,,,,,,,,,,,,,,,,,,,,,,,,,,,,,,,,,,,,,,,,,,,,,,,,,,,
,,,19904,19911,19912,19913,19914,19921,19922,19923,19924,19931,19932,19933,19934,19941,19942,19943,19944,19951,19952,19953,19954,19961,19962,19963,19964,19971,19972,19973,19974,19981,19982,19983,19984,19991,19992,19993,19994,20001,20002,20003,20004,20011,20012,20013,20014,20021,20022,20023,20024,20031,20032,20033,20034,20041,20042,20043,20044,20051,20052,20053,20054,20061,20062,20063,20064,20071,20072,20073,20074,20081,20082,20083,20084,20091,20092,20093,20094,20101,20102,20103,20104,20111,20112,20113,20114,20121,20122,20123,20124,20131,20132,20133,20134,20141,20142,20143,20144,20151,20152,20153,20154,20161,20162,20163,20164,20171,20172,20173,20174,20181,20182
typerate,,,10990.4,10874.9,10824.1,10793.3,10814.9,10821,10716.8,10785,10767.6,10826.8,11011.1,11064.5,11533.4,11420,11171,11044.1,10347.4,10316.6,10375.9,10331.6,10588.8,10733.9,10668.8,10675.1,10533.4,10516.3,10494.9,10454.5,10379,10161.1,10224.1,10238.4,10246.8,10736,10553.5,10491.3,10574.7,10358.8,10311.1,10193,9895.6,9610.9,9621.2,9674.2,9737.4,9647.4,9674.3,9718.3,9849.5,9928,9988.5,9982.8,10076.1,10024.8,9914.6,9818.3,9562.3,9628.9,9624.7,9578,9408.9,9155.5,9191.1,9148.3,9119,9350.3,9196.1,9148.2,9248.6,9079.4,9103.4,9081.8,9175.4,9121.2,8979.4,8939.9,8730.2,8644.4,8614.8,8588.8,8588.9,8475.7,8454,8410,8331,8308.4,8416.4,8445.9,8543.9,8699.7,8652.4,8525.7,8365.9,8112.7,7936.2,8022.7,8148,8594.5,8751.9,8740.5,8617.2,8300.1,8171.8,8133,8184.4,8288.1,8324.9,8318.5,8398.1,8680,8575.9
AGE-STANDARDISED rate (for all persons),*** OVER 75 Y.O. ***,,,,,,,,,,,,,,,,,,,,,,,,,,,,,,,,,,,,,,,,,,,,,,,,,,,,,,,,,,,,,,,,,,,,,,,,,,,,,,,,,,,,,,,,,,,,,,,,,,,,,,,,,,,,,,,,
MALE age-standardised rate,*** OVER 75 Y.O. ***,,13820.9,13708.1,13676.7,13624.1,13573.1,13679.9,13539.4,13684.3,13841.5,13749.3,13991.7,13981.8,14453,14366.3,14098.7,13875.8,13017.4,12936.8,12874.2,12856.9,13089.9,13298.5,13328.4,13409.8,13228.2,13032.3,12968.1,12788.8,12679.4,12516.7,12523.8,12501.9,12394.5,12999.4,12720.7,12634.1,12829.4,12469.9,12413.9,12170.7,11874.2,11629.5,11557,11688,11598.4,11426.1,11519.5,11514.4,11707.1,11810.9,11935.6,12001.1,12128.4,12018.9,11788.4,11595.7,11277.6,11360.7,11351.6,11240.5,11075.3,10853.1,10842.5,10768.3,10667.6,10808,10776.5,10781.6,10904.9,10719,10607.2,10469.8,10525.7,10487.1,10353.7,10350,10075.7,10007.5,9961.8,9895.1,10006.7,9857.5,9794.2,9836.6,9645.9,9544.6,9629.6,9555.1,9595.3,9815.7,9737.4,9621.6,9553.2,9282.9,9150,9236.3,9316.4,9725.6,9861.2,9849,9766.3,9437.1,9310.6,9263.2,9290.4,9401.5,9431.6,9447.5,9524.8,9798.2,9676.2
FEMALE age-standardised rate,*** OVER 75 Y.O. ***,,9708.7,9616.7,9577,9531,9583.8,9545,9451.7,9510.7,9441.9,9530.2,9689.8,9767.4,10228.4,10118.2,9879.2,9778.8,9135.9,9122.1,9227.8,9172.2,9444.6,9559.7,9454.3,9426.6,9284.3,9323.9,9312.3,9314.5,9259.7,9026.8,9109.2,9138,9178.3,9621.1,9469.8,9416.5,9448.5,9290.1,9260.2,9173.9,8891.7,8594.7,8621.2,8660.6,8777.2,8728.9,8725,8777.9,8877.2,8934.9,8975.3,8946,9032.4,9011.4,8940.9,8890.1,8651.6,8695.9,8693.1,8654.1,8492.1,8235,8294.1,8274.6,8270,8540.5,8329.5,8240.2,8330.1,8164.2,8263.6,8317.1,8426.9,8368.4,8201.7,8136.7,7950,7851,7838.2,7825.4,7769,7667.1,7658.6,7565.2,7542.3,7559.9,7675.2,7759,7888.4,8000.5,7967.6,7840.4,7628.2,7398.4,7199.6,7274.6,7418.8,7870.8,8036.8,8030.3,7873.1,7556.1,7429.1,7393,7476.2,7583,7613.5,7593,7658.6,7932.6,7835.6
,,,,,,,,,,,,,,,,,,,,,,,,,,,,,,,,,,,,,,,,,,,,,,,,,,,,,,,,,,,,,,,,,,,,,,,,,,,,,,,,,,,,,,,,,,,,,,,,,,,,,,,,,,,,,,,,,
,,,,,,,,,,,,,,,,,,,,,,,,,,,,,,,,,,,,,,,,,,,,,,,,,,,,,,,,,,,,,,,,,,,,,,,,,,,,,,,,,,,,,,,,,,,,,,,,,,,,,,,,,,,,,,,,,
,,,,,,,,,,,,,,,,,,,,,,,,,,,,,,,,,,,,,,,,,,,,,,,,,,,,,,,,,,,,,,,,,,,,,,,,,,,,,,,,,,,,,,,,,,,,,,,,,,,,,,,,,,,,,,,,,
,,,,,,,,,,,,,,,,,,,,,,,,,,,,,,,,,,,,,,,,,,,,,,,,,,,,,,,,,,,,,,,,,,,,,,,,,,,,,,,,,,,,,,,,,,,,,,,,,,,,,,,,,,,,,,,,,
,,,period,,,,,,,,,,,,,,,,,,,,,,,,,,,,,,,,,,,,,,,,,,,,,,,,,,,,,,,,,,,,,,,,,,,,,,,,,,,,,,,,,,,,,,,,,,,,,,,,,,,,,,,,,,,,,,
,,,19904,19911,19912,19913,19914,19921,19922,19923,19924,19931,19932,19933,19934,19941,19942,19943,19944,19951,19952,19953,19954,19961,19962,19963,19964,19971,19972,19973,19974,19981,19982,19983,19984,19991,19992,19993,19994,20001,20002,20003,20004,20011,20012,20013,20014,20021,20022,20023,20024,20031,20032,20033,20034,20041,20042,20043,20044,20051,20052,20053,20054,20061,20062,20063,20064,20071,20072,20073,20074,20081,20082,20083,20084,20091,20092,20093,20094,20101,20102,20103,20104,20111,20112,20113,20114,20121,20122,20123,20124,20131,20132,20133,20134,20141,20142,20143,20144,20151,20152,20153,20154,20161,20162,20163,20164,20171,20172,20173,20174,20181,20182
typerate,,,10955.9,10840.6,10790.1,10759.5,10781.1,10787.4,10683.4,10751.5,10734.3,10793.4,10977.5,11030.9,11499.3,11386,11137.4,11010.7,10314.9,10284.3,10343.6,10299.5,10556.5,10701.5,10636.6,10643,10501.6,10484.5,10463.2,10423,10347.6,10130,10193,10207.3,10215.8,10704.5,10522.2,10460.2,10543.6,10327.9,10280.4,10162.6,9865.6,9581.4,9591.7,9644.8,9708,9618.1,9645,9689,9820.1,9898.4,9958.9,9953.3,10046.5,9995.2,9885.1,9789,9533.4,9599.9,9595.9,9549.2,9380.4,9127.4,9163,9120.4,9091.2,9322.2,9168.3,9120.4,9220.7,9051.7,9075.8,9054.3,9147.7,9093.6,8952,8912.7,8703.3,8617.7,8588.3,8562.5,8562.7,8449.8,8428.2,8384.4,8305.6,8283.1,8391.1,8420.6,8518.5,8674.1,8627,8500.5,8341,8088.2,7912,7998.4,8123.6,8569.7,8726.9,8715.6,8592.4,8275.8,8147.7,8109,8160.4,8264,8300.8,8294.5,8374,8655.6,8551.7
AGE-STANDARDISED rate (for all persons),over75lcli,,,,,,,,,,,,,,,,,,,,,,,,,,,,,,,,,,,,,,,,,,,,,,,,,,,,,,,,,,,,,,,,,,,,,,,,,,,,,,,,,,,,,,,,,,,,,,,,,,,,,,,,,,,,,,,,
MALE age-standardised rate,over75lcli,,13745.3,13632.7,13601.5,13549.5,13498.9,13606,13466.2,13611,13768.2,13676.7,13918.8,13909.1,14379.7,14293.3,14026.3,13804.1,12947.8,12867.6,12805.7,12788.7,13021.6,13230.2,13260.3,13341.8,13160.8,12965.6,12901.9,12723.2,12614.2,12452.1,12459.5,12437.9,12331,12935,12657.1,12570.9,12766.1,12407.6,12352.1,12109.7,11814.1,11570.2,11498.2,11629,11539.9,11368.1,11461.4,11456.5,11648.9,11752.7,11877.2,11942.6,12069.7,11960.5,11730.6,11538.3,11221.1,11304.3,11295.4,11184.9,11020.3,10798.7,10788.4,10714.5,10614.1,10754.4,10723,10728.3,10851.4,10665.9,10554.4,10417.3,10473.2,10434.8,10301.8,10298.5,10025,9957.4,9912,9846,9957.8,9809.2,9746.5,9789.1,9599.1,9498.3,9583.4,9509.3,9549.7,9769.8,9691.9,9576.5,9508.5,9238.8,9106.5,9192.8,9273,9681.6,9817,9805.1,9722.7,9394.2,9268.1,9221,9248.3,9359.3,9389.5,9405.5,9482.8,9755.8,9634.1
FEMALE age-standardised rate,over75lcli,,9670.3,9578.6,9539.1,9493.3,9546.1,9507.4,9414.3,9473.3,9404.8,9493,9652.3,9729.8,10190.1,10080.1,9841.5,9741.3,9099.4,9085.8,9191.4,9136.1,9408.1,9523.1,9418,9390.4,9248.5,9288.1,9276.6,9278.9,9224.2,8991.7,9074,9102.9,9143.1,9585.3,9434.3,9381.1,9413.1,9255,9225.2,9139.1,8857.4,8560.9,8587.5,8626.9,8743.4,8695.2,8691.3,8744.1,8843.3,8900.9,8941.2,8912,8998.3,8977.3,8906.9,8856.2,8618.1,8662.4,8659.7,8620.8,8459,8202.5,8261.5,8242.1,8237.5,8507.7,8297.1,8207.9,8297.7,8132.1,8231.2,8284.7,8394.3,8335.9,8169.5,8104.6,7918.3,7819.6,7806.9,7794.3,7738.1,7636.4,7628.1,7534.9,7512.1,7529.8,7645,7728.7,7857.9,7969.9,7937.1,7810.1,7598.3,7368.9,7170.6,7245.5,7389.5,7840.9,8006.7,8000.1,7843.3,7526.8,7400,7364,7447.1,7553.8,7584.3,7563.8,7629.3,7902.9,7806.2
,,,,,,,,,,,,,,,,,,,,,,,,,,,,,,,,,,,,,,,,,,,,,,,,,,,,,,,,,,,,,,,,,,,,,,,,,,,,,,,,,,,,,,,,,,,,,,,,,,,,,,,,,,,,,,,,,
,,,,,,,,,,,,,,,,,,,,,,,,,,,,,,,,,,,,,,,,,,,,,,,,,,,,,,,,,,,,,,,,,,,,,,,,,,,,,,,,,,,,,,,,,,,,,,,,,,,,,,,,,,,,,,,,,
,,,,,,,,,,,,,,,,,,,,,,,,,,,,,,,,,,,,,,,,,,,,,,,,,,,,,,,,,,,,,,,,,,,,,,,,,,,,,,,,,,,,,,,,,,,,,,,,,,,,,,,,,,,,,,,,,
,,,,,,,,,,,,,,,,,,,,,,,,,,,,,,,,,,,,,,,,,,,,,,,,,,,,,,,,,,,,,,,,,,,,,,,,,,,,,,,,,,,,,,,,,,,,,,,,,,,,,,,,,,,,,,,,,
,,,period,,,,,,,,,,,,,,,,,,,,,,,,,,,,,,,,,,,,,,,,,,,,,,,,,,,,,,,,,,,,,,,,,,,,,,,,,,,,,,,,,,,,,,,,,,,,,,,,,,,,,,,,,,,,,,
,,,19904,19911,19912,19913,19914,19921,19922,19923,19924,19931,19932,19933,19934,19941,19942,19943,19944,19951,19952,19953,19954,19961,19962,19963,19964,19971,19972,19973,19974,19981,19982,19983,19984,19991,19992,19993,19994,20001,20002,20003,20004,20011,20012,20013,20014,20021,20022,20023,20024,20031,20032,20033,20034,20041,20042,20043,20044,20051,20052,20053,20054,20061,20062,20063,20064,20071,20072,20073,20074,20081,20082,20083,20084,20091,20092,20093,20094,20101,20102,20103,20104,20111,20112,20113,20114,20121,20122,20123,20124,20131,20132,20133,20134,20141,20142,20143,20144,20151,20152,20153,20154,20161,20162,20163,20164,20171,20172,20173,20174,20181,20182
typerate,,,11024.8,10909.1,10858.2,10827.2,10848.6,10854.7,10750.3,10818.4,10801,10860.2,11044.7,11098.1,11567.5,11453.9,11204.7,11077.5,10379.9,10349,10408.2,10363.7,10621.1,10766.3,10700.9,10707.2,10565.3,10548,10526.5,10486.1,10410.4,10192.1,10255.1,10269.4,10277.8,10767.4,10584.7,10522.4,10605.8,10389.6,10341.7,10223.4,9925.6,9640.5,9650.6,9703.7,9766.9,9676.7,9703.6,9747.5,9879,9957.5,10018.1,10012.4,10105.8,10054.4,9944,9847.6,9591.2,9657.8,9653.6,9606.7,9437.3,9183.5,9219.1,9176.2,9146.8,9378.3,9223.9,9175.9,9276.4,9107,9131.1,9109.4,9203,9148.7,9006.7,8967.2,8757.1,8671.1,8641.3,8615.2,8615.1,8501.7,8479.7,8435.7,8356.4,8333.7,8441.8,8471.2,8569.3,8725.2,8677.8,8550.9,8390.8,8137.3,7960.4,8047,8172.3,8619.3,8776.8,8765.4,8641.9,8324.4,8195.9,8157,8208.4,8312.2,8348.9,8342.6,8422.2,8704.4,8600.1
AGE-STANDARDISED rate (for all persons),over75ucli,,,,,,,,,,,,,,,,,,,,,,,,,,,,,,,,,,,,,,,,,,,,,,,,,,,,,,,,,,,,,,,,,,,,,,,,,,,,,,,,,,,,,,,,,,,,,,,,,,,,,,,,,,,,,,,,
MALE age-standardised rate,over75ucli,,13896.5,13783.5,13751.8,13698.7,13647.3,13753.9,13612.6,13757.5,13914.8,13822,14064.6,14054.4,14526.4,14439.4,14171.1,13947.5,13087.1,13005.9,12942.8,12925,13158.2,13366.8,13396.6,13477.8,13295.5,13099,13034.4,12854.4,12744.5,12581.3,12588.2,12566,12458,13063.9,12784.4,12697.4,12892.7,12532.2,12475.8,12231.6,11934.3,11688.8,11615.9,11746.9,11656.9,11484.1,11577.5,11572.2,11765.2,11869.2,11994.1,12059.6,12187.1,12077.4,11846.3,11653.1,11334.1,11417.1,11407.7,11296.1,11130.3,10907.4,10896.7,10822.1,10721,10861.6,10829.9,10835,10958.4,10772,10660,10522.2,10578.1,10539.4,10405.5,10401.6,10126.3,10057.7,10011.5,9944.3,10055.7,9905.7,9841.9,9884,9692.6,9590.8,9675.8,9600.9,9641,9861.5,9782.9,9666.7,9598,9326.9,9193.6,9279.8,9359.8,9769.6,9905.3,9893,9810,9480,9353.1,9305.5,9332.5,9443.7,9473.7,9489.5,9566.9,9840.5,9718.2
FEMALE age-standardised rate,over75ucli,,9747.1,9654.8,9614.9,9568.6,9621.4,9582.5,9489,9548,9479.1,9567.5,9727.3,9805,10266.7,10156.3,9916.9,9816.3,9172.3,9158.4,9264.2,9208.3,9481,9596.2,9490.5,9462.7,9320.1,9359.6,9348,9350.1,9295.2,9061.9,9144.3,9173.2,9213.5,9656.9,9505.4,9451.9,9484,9325.3,9295.3,9208.8,8926.1,8628.4,8655,8694.3,8811,8762.6,8758.6,8811.6,8911.1,8968.9,9009.3,8980,9066.6,9045.6,8975,8924.1,8685.1,8729.5,8726.6,8687.4,8525.1,8267.6,8326.7,8307.2,8302.4,8573.3,8362,8272.5,8362.5,8196.4,8295.9,8349.6,8459.6,8400.9,8233.9,8168.7,7981.7,7882.4,7869.4,7856.5,7799.9,7697.7,7689.2,7595.5,7572.4,7590,7705.4,7789.3,7918.8,8031.1,7998.2,7870.7,7658.1,7427.9,7228.7,7303.7,7448.1,7900.8,8067,8060.4,7902.9,7585.4,7458.2,7422,7505.3,7612.3,7642.7,7622.2,7687.8,7962.2,7865.1
,,,,,,,,,,,,,,,,,,,,,,,,,,,,,,,,,,,,,,,,,,,,,,,,,,,,,,,,,,,,,,,,,,,,,,,,,,,,,,,,,,,,,,,,,,,,,,,,,,,,,,,,,,,,,,,,,
,,,,,,,,,,,,,,,,,,,,,,,,,,,,,,,,,,,,,,,,,,,,,,,,,,,,,,,,,,,,,,,,,,,,,,,,,,,,,,,,,,,,,,,,,,,,,,,,,,,,,,,,,,,,,,,,,
,,,,,,,,,,,,,,,,,,,,,,,,,,,,,,,,,,,,,,,,,,,,,,,,,,,,,,,,,,,,,,,,,,,,,,,,,,,,,,,,,,,,,,,,,,,,,,,,,,,,,,,,,,,,,,,,,
,,,,,,,,,,,,,,,,,,,,,,,,,,,,,,,,,,,,,,,,,,,,,,,,,,,,,,,,,,,,,,,,,,,,,,,,,,,,,,,,,,,,,,,,,,,,,,,,,,,,,,,,,,,,,,,,,
,,,period,,,,,,,,,,,,,,,,,,,,,,,,,,,,,,,,,,,,,,,,,,,,,,,,,,,,,,,,,,,,,,,,,,,,,,,,,,,,,,,,,,,,,,,,,,,,,,,,,,,,,,,,,,,,,,
,,,19904,19911,19912,19913,19914,19921,19922,19923,19924,19931,19932,19933,19934,19941,19942,19943,19944,19951,19952,19953,19954,19961,19962,19963,19964,19971,19972,19973,19974,19981,19982,19983,19984,19991,19992,19993,19994,20001,20002,20003,20004,20011,20012,20013,20014,20021,20022,20023,20024,20031,20032,20033,20034,20041,20042,20043,20044,20051,20052,20053,20054,20061,20062,20063,20064,20071,20072,20073,20074,20081,20082,20083,20084,20091,20092,20093,20094,20101,20102,20103,20104,20111,20112,20113,20114,20121,20122,20123,20124,20131,20132,20133,20134,20141,20142,20143,20144,20151,20152,20153,20154,20161,20162,20163,20164,20171,20172,20173,20174,20181,20182
typerate,,,17.6,17.5,17.4,17.3,17.2,17.2,17.1,17.1,17,17,17.1,17.1,17.4,17.3,17.2,17.1,16.6,16.5,16.5,16.4,16.5,16.5,16.4,16.4,16.2,16.2,16.1,16.1,16,15.8,15.8,15.8,15.8,16.1,15.9,15.9,15.9,15.7,15.6,15.5,15.3,15.1,15,15,15,14.9,14.9,14.9,15,15.1,15.1,15.1,15.1,15.1,15,14.9,14.8,14.8,14.7,14.7,14.5,14.3,14.3,14.2,14.2,14.3,14.2,14.1,14.2,14.1,14.1,14.1,14.1,14.1,14,13.9,13.7,13.6,13.5,13.4,13.4,13.2,13.2,13.1,13,12.9,12.9,12.9,12.9,13,13,12.9,12.7,12.5,12.4,12.4,12.4,12.7,12.7,12.7,12.6,12.4,12.3,12.2,12.3,12.3,12.3,12.3,12.3,12.4,12.4
AGE-STANDARDISED rate (for all persons),over75stderr,,,,,,,,,,,,,,,,,,,,,,,,,,,,,,,,,,,,,,,,,,,,,,,,,,,,,,,,,,,,,,,,,,,,,,,,,,,,,,,,,,,,,,,,,,,,,,,,,,,,,,,,,,,,,,,,
MALE age-standardised rate,over75stderr,,38.6,38.5,38.3,38.1,37.9,37.7,37.4,37.4,37.4,37.1,37.2,37.1,37.4,37.3,36.9,36.6,35.5,35.3,35,34.8,34.8,34.9,34.8,34.7,34.3,34,33.8,33.5,33.3,33,32.8,32.7,32.4,32.9,32.5,32.3,32.3,31.8,31.6,31.1,30.7,30.3,30,30.1,29.9,29.6,29.6,29.5,29.7,29.7,29.8,29.9,30,29.8,29.5,29.3,28.8,28.8,28.6,28.4,28.1,27.7,27.6,27.5,27.3,27.4,27.3,27.2,27.3,27.1,26.9,26.8,26.8,26.7,26.4,26.3,25.9,25.6,25.4,25.1,25,24.6,24.4,24.2,23.9,23.6,23.6,23.4,23.3,23.4,23.2,23,22.8,22.5,22.2,22.2,22.2,22.5,22.5,22.4,22.3,21.9,21.7,21.6,21.5,21.5,21.5,21.4,21.4,21.6,21.4
FEMALE age-standardised rate,over75stderr,,19.6,19.4,19.3,19.2,19.2,19.2,19,19.1,19,19,19.1,19.2,19.5,19.4,19.2,19.1,18.6,18.5,18.5,18.4,18.6,18.6,18.5,18.4,18.3,18.3,18.2,18.2,18.1,17.9,17.9,17.9,17.9,18.3,18.1,18.1,18.1,17.9,17.9,17.8,17.5,17.2,17.2,17.2,17.3,17.2,17.2,17.2,17.3,17.3,17.4,17.4,17.4,17.4,17.4,17.3,17.1,17.1,17.1,17,16.8,16.6,16.6,16.6,16.6,16.8,16.6,16.5,16.5,16.4,16.5,16.6,16.6,16.6,16.4,16.3,16.2,16,16,15.9,15.8,15.6,15.6,15.5,15.4,15.4,15.4,15.5,15.6,15.6,15.6,15.5,15.2,15,14.8,14.9,15,15.3,15.4,15.4,15.2,15,14.8,14.8,14.9,14.9,14.9,14.9,14.9,15.1,15
